IDCabang,KategoriKota,Wilayah,JumlahNasabahAktif,JumlahTeller,JumlahPegawai,JumlahATM,LuasCabang_m2,UmurCabang_tahun,JamOperasionalPerHari,TransaksiHarian,TransaksiBulanan,SkorKepuasanNasabah,KodeInternal,BiayaOperasional_jutaPerBulan
CBG01307,Kota Besar,Jawa Tengah,8128,10,30,4,499.0,45,7.1,543,11896,4.6,9797,342.59
CBG02038,Kota Kecil,Jawa Timur,4711,8,23,2,241.0,45,8.2,335,7331,4.23,4161,244.1
CBG00569,Kota Kecil,Indonesia Timur,4579,4,15,3,308.0,9,8.0,339,7479,,6677,231.73
CBG01898,Metro,Sumatera,9000,9,24,6,367.0,16,8.8,562,12522,3.95,5108,342.47
CBG02499,Kota Kecil,Sulawesi,3701,4,13,2,155.0,38,9.0,247,5429,4.1,7338,206.09
CBG01112,Metro,Kalimantan,6405,6,17,5,550.0,12,8.6,456,10112,4.46,8475,301.4
CBG01236,Kota Besar,Kalimantan,5633,7,22,5,355.0,7,8.1,377,8295,4.41,6813,264.25
CBG01124,Kota Kecil,Jawa Timur,1338,3,11,3,199.0,19,8.6,210,4628,4.43,7341,129.49
CBG02731,Kota Kecil,Indonesia Timur,9803,10,25,5,491.0,6,9.3,671,14690,3.93,8708,328.18
CBG02215,Metro,Jawa Barat,10953,10,27,7,468.0,28,6.3,710,15568,4.41,8270,369.58
CBG01854,Kota Kecil,Kalimantan,8574,8,26,5,578.0,18,8.9,613,13503,3.04,5511,322.64
CBG01397,Metro,Jawa Tengah,6106,8,23,2,343.0,2,7.1,361,7970,3.89,3632,273.23
CBG00719,Kota Besar,Sulawesi,6085,8,25,5,354.0,19,7.6,339,7453,4.02,5093,271.23
CBG00892,Metro,Jawa Barat,5834,8,23,4,495.0,15,9.5,340,7470,4.62,2590,305.3
CBG01141,Kota Besar,Jawa Tengah,2168,2,12,1,407.0,41,7.9,271,5963,4.99,4352,177.42
CBG02804,Kota Besar,Sulawesi,3329,6,17,2,300.0,31,7.8,292,6414,4.29,4803,210.07
CBG02180,Kota Kecil,Indonesia Timur,3676,5,13,4,,4,9.6,335,7356,4.1,5388,199.11
CBG01444,Kota Kecil,Jawa Tengah,5662,5,13,4,243.0,1,8.3,367,8118,,8193,209.1
CBG02265,Metro,Jawa Timur,10445,11,28,7,,31,6.8,621,13573,4.9,2089,379.33
CBG02835,Kota Kecil,Jawa Tengah,2900,5,19,2,401.0,26,10.6,292,6467,3.28,4908,203.23
CBG00585,Metro,Jawa Timur,9081,10,24,5,428.0,30,7.3,579,12751,4.59,8090,345.47
CBG01477,Kota Besar,Sumatera,11027,11,32,6,580.0,32,6.8,703,15485,3.89,9579,369.97
CBG01436,Kota Kecil,Kalimantan,4905,6,18,3,230.0,11,9.0,385,8471,4.81,1461,231.94
CBG01167,Kota Besar,Jawa Timur,5324,7,18,4,515.0,2,8.5,331,7314,4.68,7479,254.89
CBG02091,Kota Besar,Sulawesi,4347,7,16,1,386.0,39,6.1,371,8175,4.26,3651,245.19
CBG01746,Kota Kecil,Jawa Timur,4742,4,15,3,360.0,14,7.0,374,8225,4.67,7259,215.33
CBG01699,Kota Besar,Jawa Barat,5541,8,21,4,333.0,13,9.4,450,9882,4.24,3842,263.11
CBG02784,Kota Kecil,Jawa Barat,7068,8,24,4,354.0,32,7.5,513,11275,3.78,5095,295.03
CBG00675,Kota Kecil,Kalimantan,7773,8,26,4,349.0,10,7.9,555,12197,4.28,9771,308.64
CBG00993,Kota Besar,Sumatera,7478,9,23,5,364.0,38,7.6,461,10185,3.82,7811,307.31
CBG02052,Kota Kecil,Sumatera,5640,6,18,2,426.0,19,8.3,255,5595,,7182,246.77
CBG00204,Kota Kecil,Jawa Barat,3677,7,22,2,259.0,12,8.3,300,6617,4.86,5282,204.77
CBG02773,Kota Kecil,Indonesia Timur,2284,7,23,1,218.0,18,6.1,193,4225,3.72,4214,174.84
CBG00853,Kota Kecil,Jawa Timur,4722,8,25,3,435.0,29,8.0,314,6946,4.38,9706,250.75
CBG02393,Kota Besar,Kalimantan,3974,3,10,2,,34,9.0,290,6398,4.28,5445,224.17
CBG02234,Kota Kecil,Sumatera,5207,6,19,2,431.0,25,8.4,283,6205,4.33,5122,242.6
CBG01243,Kota Besar,Sulawesi,2969,5,17,3,247.0,27,8.3,207,4578,3.75,6463,203.53
CBG01967,Kota Kecil,Kalimantan,2643,3,14,1,322.0,15,8.3,261,5796,,6554,171.88
CBG01969,Kota Besar,Sumatera,9629,10,26,5,544.0,20,7.4,730,16071,3.75,8772,337.39
CBG01390,Kota Besar,Kalimantan,350,3,15,1,279.0,24,7.7,20,441,3.85,9611,129.4
CBG00515,Kota Kecil,Jawa Tengah,6226,8,24,3,366.0,36,8.0,499,10947,4.75,5989,277.76
CBG00326,Kota Besar,Jawa Tengah,7804,9,23,5,450.0,44,8.1,363,7952,4.85,9312,319.09
CBG01635,Kota Besar,Sumatera,11246,12,30,4,571.0,42,8.5,761,16838,3.58,6832,362.94
CBG02078,Metro,Sulawesi,9521,10,27,7,,45,8.1,612,13499,5.0,8975,380.91
CBG01899,Kota Kecil,Jawa Tengah,4119,5,12,3,340.0,21,8.5,392,8635,4.01,4977,201.23
CBG02503,Kota Besar,Sulawesi,8602,9,27,3,347.0,35,7.6,523,11417,4.9,4387,330.52
CBG02453,Kota Kecil,Sumatera,4767,5,17,2,307.0,29,6.0,385,8537,4.72,2698,214.89
CBG02749,Kota Besar,Kalimantan,10100,9,21,7,508.0,14,7.8,567,12343,3.35,4435,328.76
CBG00700,Metro,Kalimantan,7870,7,19,6,504.0,19,8.7,554,12166,4.5,2519,339.31
CBG02963,Kota Kecil,Indonesia Timur,5679,6,14,3,419.0,5,7.1,489,10779,3.58,1317,242.75
CBG00736,Kota Kecil,Sumatera,5328,5,17,3,300.0,16,8.1,298,6660,3.59,1331,219.4
CBG02774,Metro,Jawa Tengah,5827,6,17,5,298.0,39,7.2,424,9360,4.34,9600,285.25
CBG00884,Kota Kecil,Sumatera,6641,9,28,3,436.0,18,8.7,359,7903,,2603,276.74
CBG02172,Kota Kecil,Indonesia Timur,4737,6,14,2,315.0,29,8.0,302,6581,3.74,7748,235.35
CBG01785,Metro,Kalimantan,5231,4,11,2,,23,7.1,414,9097,4.08,5265,263.75
CBG02772,Metro,Indonesia Timur,9799,8,25,6,407.0,33,8.1,620,13580,4.3,4841,365.18
CBG02675,Kota Kecil,Sumatera,1481,4,12,2,253.0,34,8.8,171,3765,4.97,5077,148.4
CBG00632,Kota Besar,Jawa Barat,5523,8,21,5,443.0,44,7.5,283,6182,3.51,4085,281.57
CBG02650,Kota Besar,Jawa Tengah,6424,7,19,5,384.0,1,8.6,441,9627,4.4,1831,257.12
CBG02934,Kota Kecil,Jawa Barat,7989,9,29,5,403.0,22,8.5,522,11541,4.89,6557,303.07
CBG01103,Metro,Kalimantan,7490,8,21,5,529.0,9,6.6,550,12036,4.08,1552,319.81
CBG02318,Metro,Sulawesi,10120,11,25,7,,18,7.3,685,15118,4.55,9417,363.6
CBG02137,Kota Besar,Jawa Timur,4573,7,19,2,478.0,33,9.6,353,7818,4.06,4861,253.85
CBG00980,Metro,Sumatera,9411,10,32,6,,3,8.8,640,14064,4.22,2347,363.64
CBG01272,Kota Kecil,Sumatera,5150,6,21,2,404.0,23,6.6,353,7721,4.0,4029,246.22
CBG00207,Kota Kecil,Kalimantan,8209,8,24,5,409.0,25,10.2,595,13163,3.83,9281,326.75
CBG01392,Metro,Kalimantan,12823,10,27,8,564.0,17,9.2,892,19535,4.4,3308,384.87
CBG00441,Kota Besar,Sulawesi,8043,11,31,4,439.0,8,6.4,511,11325,4.2,6599,301.13
CBG01514,Metro,Jawa Tengah,8639,10,30,6,521.0,1,8.1,534,11730,3.8,7373,347.99
CBG00413,Kota Kecil,Indonesia Timur,3178,2,14,3,148.0,15,7.2,282,6225,4.49,3098,184.01
CBG00225,Kota Kecil,Jawa Barat,7168,8,26,3,423.0,32,8.5,460,10155,3.09,8616,291.88
CBG00122,Kota Kecil,Kalimantan,5858,7,19,5,,44,7.5,435,9542,4.31,2143,284.8
CBG01427,Kota Kecil,Jawa Timur,3533,4,10,5,342.0,34,6.8,327,7181,2.71,2632,194.38
CBG02130,Kota Kecil,Sumatera,2219,4,13,2,317.0,22,10.2,192,4222,4.01,2629,164.48
CBG00378,Metro,Jawa Timur,10459,10,26,7,632.0,34,8.4,711,15737,4.87,8955,394.07
CBG02359,Metro,Jawa Barat,10076,10,26,5,563.0,13,7.7,599,13123,3.93,5277,360.68
CBG00415,Kota Besar,Sumatera,7224,8,25,4,399.0,34,8.4,558,12245,4.19,4758,301.78
CBG02053,Kota Kecil,Jawa Barat,6705,8,21,5,410.0,39,8.9,463,10220,4.73,6294,292.1
CBG01743,Metro,Jawa Barat,7210,7,18,5,274.0,45,6.4,463,10208,4.28,9857,310.3
CBG02187,Kota Kecil,Sulawesi,5995,7,24,5,328.0,8,8.0,476,10568,3.67,8629,249.22
CBG00685,Kota Besar,Jawa Barat,6300,6,17,2,399.0,35,8.4,470,10370,4.28,1472,272.27
CBG00869,Kota Besar,Sumatera,2567,5,13,1,,39,7.2,210,4639,4.66,8447,178.23
CBG01610,Metro,Sulawesi,9564,12,32,7,519.0,36,7.8,614,13402,4.17,6628,384.89
CBG02786,Kota Kecil,Sumatera,4342,4,16,3,326.0,1,8.0,258,5625,5.0,6013,241.54
CBG02986,Metro,Jawa Timur,8283,7,21,6,460.0,31,6.2,570,12656,,1037,332.87
CBG00281,Kota Kecil,Sulawesi,7430,10,27,5,428.0,11,8.2,500,10962,3.8,7104,289.86
CBG01105,Kota Kecil,Sumatera,6881,4,13,4,,41,7.9,464,10163,3.53,3501,261.67
CBG02744,Kota Kecil,Jawa Tengah,7496,11,29,4,411.0,41,8.0,529,11652,,6799,303.72
CBG01846,Kota Kecil,Kalimantan,350,3,14,3,239.0,28,8.9,70,1541,4.22,7507,131.8
CBG02533,Kota Kecil,Jawa Tengah,7982,7,18,4,451.0,39,8.5,492,10773,4.39,1575,302.43
CBG01052,Kota Besar,Sulawesi,4493,5,13,4,411.0,21,8.4,367,8056,3.9,7841,223.95
CBG01364,Kota Kecil,Jawa Barat,3078,7,23,4,214.0,31,8.3,255,5649,3.8,5857,197.25
CBG02283,Metro,Kalimantan,11400,12,32,6,573.0,10,9.4,771,16882,,8864,377.14
CBG02863,Kota Kecil,Sulawesi,5495,8,20,5,319.0,3,8.3,395,8726,3.86,3419,308.22
CBG00965,Kota Kecil,Jawa Tengah,6284,7,23,3,269.0,34,9.3,402,8888,3.97,9893,273.77
CBG02379,Kota Besar,Sulawesi,5712,7,21,4,342.0,14,6.1,457,10047,2.98,2929,256.53
CBG02652,Metro,Sumatera,9440,12,30,5,506.0,43,8.9,605,13354,4.91,2661,371.1
CBG02005,Kota Kecil,Jawa Barat,2242,3,12,3,90.0,6,7.5,206,4584,3.64,6450,142.75
CBG01529,Kota Kecil,Jawa Barat,2443,3,12,2,155.0,11,6.7,186,4087,4.2,3858,147.92
CBG02727,Kota Kecil,Jawa Timur,1652,3,10,3,163.0,18,9.8,230,5099,4.24,6805,134.53
CBG02479,Kota Kecil,Jawa Barat,3085,6,18,4,270.0,31,7.6,232,5115,3.68,5122,190.39
CBG02586,Kota Besar,Kalimantan,6867,7,21,3,465.0,43,8.5,481,10627,3.89,9877,295.64
CBG01058,Kota Kecil,Indonesia Timur,3782,3,14,4,325.0,44,6.5,317,7015,4.62,8995,217.74
CBG02044,Metro,Indonesia Timur,10469,9,24,5,619.0,8,7.3,723,16067,4.46,9208,371.62
CBG01110,Kota Kecil,Indonesia Timur,5454,10,30,4,381.0,10,7.7,404,8968,4.5,4213,266.56
CBG02748,Metro,Jawa Timur,7536,9,26,4,478.0,40,7.8,547,12050,,6475,345.2
CBG01964,Kota Kecil,Kalimantan,1815,3,12,1,243.0,42,7.4,193,4243,4.95,9791,205.13
CBG00859,Kota Kecil,Jawa Barat,6326,7,21,4,372.0,45,8.0,399,8716,3.88,5379,282.12
CBG02821,Kota Besar,Kalimantan,6207,7,16,2,423.0,27,9.5,506,11074,3.61,8441,282.38
CBG02954,Kota Kecil,Jawa Barat,5510,8,20,1,407.0,27,8.7,319,7062,4.51,8002,286.12
CBG02217,Metro,Kalimantan,5375,3,12,5,328.0,7,6.0,402,8813,3.73,7679,257.04
CBG02113,Kota Kecil,Jawa Timur,3394,6,20,3,99.0,45,8.1,315,6879,4.43,7553,203.5
CBG00431,Kota Kecil,Jawa Timur,350,2,9,2,90.0,41,8.3,175,3864,4.17,5857,102.78
CBG02768,Metro,Indonesia Timur,6192,5,15,4,,8,7.8,383,8373,3.73,9821,297.81
CBG00260,Kota Besar,Jawa Tengah,7154,9,29,5,452.0,11,8.1,385,8449,3.49,2552,308.67
CBG02273,Kota Besar,Jawa Tengah,3311,7,22,2,298.0,36,7.9,269,5960,,1065,217.0
CBG01708,Kota Kecil,Kalimantan,3828,5,16,3,229.0,29,7.0,262,5796,4.35,2522,210.59
CBG02260,Kota Besar,Sumatera,4384,7,19,4,261.0,21,7.7,345,7607,,1177,225.94
CBG01623,Metro,Jawa Timur,7761,6,16,5,466.0,43,8.5,479,10550,3.22,1850,324.81
CBG01382,Kota Kecil,Jawa Timur,4908,6,20,3,,24,9.8,424,9361,3.91,8275,241.54
CBG02615,Kota Kecil,Sulawesi,3509,5,15,1,377.0,25,8.6,266,5872,3.84,2942,203.95
CBG00583,Kota Besar,Indonesia Timur,4083,5,14,3,486.0,18,8.1,268,5831,4.16,9722,251.03
CBG02775,Kota Kecil,Jawa Tengah,350,3,10,2,134.0,15,9.4,167,3676,4.51,1593,91.79
CBG00751,Kota Kecil,Jawa Tengah,5490,7,18,5,328.0,15,8.7,421,9306,4.25,1098,234.39
CBG01142,Metro,Jawa Barat,7457,7,16,4,439.0,11,6.7,426,9306,4.44,5943,286.86
CBG02229,Kota Besar,Jawa Tengah,5684,6,17,1,343.0,18,8.6,418,9354,4.25,2832,242.79
CBG02585,Kota Kecil,Sumatera,1536,2,9,3,155.0,32,6.8,126,2776,3.34,2168,124.19
CBG02480,Kota Besar,Jawa Tengah,5173,7,17,4,330.0,17,6.8,385,8426,3.68,9192,230.7
CBG00975,Metro,Jawa Timur,9637,12,30,6,533.0,25,8.4,674,14821,4.5,7551,370.07
CBG02450,Kota Besar,Jawa Barat,9223,7,17,6,495.0,35,8.4,576,12745,4.52,9780,337.84
CBG02545,Kota Besar,Sumatera,5880,6,20,3,392.0,18,7.4,309,6747,3.64,8296,252.25
CBG00891,Kota Kecil,Jawa Tengah,7436,9,28,4,440.0,27,7.9,495,10944,4.69,4286,298.96
CBG02770,Kota Kecil,Jawa Tengah,3858,6,19,2,383.0,5,7.8,357,7845,4.35,9572,206.16
CBG02107,Kota Besar,Jawa Timur,5113,7,23,2,317.0,19,8.7,358,7895,4.45,5698,239.28
CBG01182,Kota Besar,Jawa Tengah,3127,7,23,3,383.0,28,7.9,335,7363,4.2,8303,212.95
CBG02977,Metro,Sulawesi,4962,7,22,2,326.0,36,9.0,378,8247,4.88,5447,269.96
CBG02441,Kota Besar,Jawa Barat,3095,5,18,3,308.0,3,7.8,308,6791,3.84,3243,194.29
CBG02534,Metro,Indonesia Timur,9511,10,29,6,494.0,33,7.6,649,14349,4.02,5432,385.58
CBG00673,Metro,Jawa Barat,6984,8,22,5,495.0,20,8.9,413,9106,3.65,3418,329.14
CBG02313,Kota Kecil,Sulawesi,884,5,14,1,186.0,32,9.0,113,2488,3.68,7676,132.65
CBG02867,Kota Kecil,Kalimantan,991,3,7,1,165.0,34,7.2,37,817,4.29,6675,137.3
CBG00708,Kota Besar,Kalimantan,5838,7,21,4,293.0,37,8.8,391,8587,4.23,5889,288.12
CBG02102,Kota Kecil,Jawa Tengah,5493,7,18,2,293.0,13,7.2,428,9457,4.73,3023,218.04
CBG01328,Kota Kecil,Jawa Tengah,5916,9,24,4,441.0,27,7.6,475,10479,3.76,2213,271.16
CBG02611,Metro,Jawa Barat,8338,8,25,5,423.0,42,6.1,564,12402,4.51,5780,358.7
CBG02893,Kota Kecil,Jawa Timur,9609,9,25,7,441.0,37,8.7,610,13422,3.91,6829,327.28
CBG00071,Kota Kecil,Indonesia Timur,6172,8,28,4,492.0,22,7.6,386,8470,4.32,2012,346.02
CBG01225,Kota Kecil,Kalimantan,4266,6,17,2,275.0,24,6.8,334,7372,3.7,2630,208.29
CBG02694,Kota Kecil,Sumatera,2821,3,10,2,253.0,11,7.0,237,5186,3.63,5534,147.67
CBG01163,Kota Kecil,Sumatera,3086,6,23,3,157.0,23,8.8,275,6060,3.98,5894,189.89
CBG01878,Kota Kecil,Sumatera,1960,2,8,2,289.0,12,7.5,168,3709,3.55,4065,144.25
CBG00035,Kota Besar,Jawa Barat,5628,7,20,3,356.0,11,7.9,472,10458,4.56,7248,251.58
CBG02931,Kota Kecil,Sulawesi,5878,6,18,4,459.0,35,8.0,377,8232,5.0,4159,274.54
CBG01601,Kota Kecil,Sumatera,3126,3,12,2,406.0,18,7.5,154,3369,3.21,1630,177.28
CBG02996,Kota Kecil,Kalimantan,3389,5,18,4,298.0,3,6.7,284,6252,3.65,3000,192.44
CBG00373,Metro,Indonesia Timur,9921,11,31,5,529.0,28,8.4,723,15799,4.46,3817,384.67
CBG02150,Kota Kecil,Kalimantan,5340,5,15,5,322.0,10,6.6,397,8815,4.47,4504,224.96
CBG00804,Kota Besar,Jawa Tengah,8601,10,25,6,483.0,36,8.1,560,12388,4.26,6273,326.33
CBG02055,Kota Besar,Sulawesi,7561,8,18,5,477.0,17,7.1,537,11744,4.39,8963,305.45
CBG01993,Metro,Kalimantan,8852,9,27,4,347.0,40,8.4,607,13334,3.84,8241,352.22
CBG00319,Kota Besar,Kalimantan,7989,8,25,6,442.0,43,6.3,440,9715,3.69,9705,373.16
CBG01165,Kota Besar,Jawa Timur,7697,8,25,4,306.0,3,8.3,540,11735,3.71,8566,279.38
CBG00540,Kota Besar,Jawa Timur,3518,5,18,2,282.0,26,7.9,309,6772,4.04,4046,210.36
CBG00119,Kota Kecil,Jawa Timur,5172,7,23,3,366.0,20,7.7,371,8144,4.88,7904,233.7
CBG00362,Kota Kecil,Jawa Tengah,7362,7,22,4,424.0,29,7.1,509,11240,4.36,2990,278.19
CBG00880,Kota Kecil,Jawa Tengah,4133,7,17,3,354.0,14,8.7,239,5282,4.14,9618,217.5
CBG02947,Metro,Jawa Barat,4846,5,16,2,261.0,10,8.5,348,7674,4.66,7862,245.48
CBG01648,Kota Besar,Jawa Barat,9678,9,21,6,545.0,14,6.9,517,11411,4.29,4599,337.76
CBG00820,Kota Besar,Jawa Timur,5595,7,21,3,375.0,36,6.4,414,9117,3.67,8199,265.7
CBG02295,Metro,Jawa Tengah,10369,11,26,5,594.0,20,9.3,740,16265,3.98,6356,372.41
CBG00593,Metro,Indonesia Timur,8911,8,21,3,565.0,30,8.5,592,13077,4.17,5686,347.0
CBG02552,Metro,Sulawesi,6743,6,19,4,413.0,20,10.3,451,9902,4.19,9488,306.73
CBG00929,Kota Besar,Jawa Timur,6521,5,19,3,293.0,29,9.5,364,7989,2.89,1888,289.4
CBG02386,Kota Kecil,Jawa Barat,3568,7,21,3,407.0,41,8.6,170,3733,3.38,9779,231.05
CBG02975,Kota Besar,Indonesia Timur,4188,7,21,3,335.0,2,9.3,274,6032,3.82,5963,245.01
CBG00420,Metro,Jawa Barat,8615,12,33,6,553.0,32,9.9,628,13747,3.63,1951,378.06
CBG00469,Kota Besar,Sumatera,6925,9,24,5,407.0,16,7.6,515,11288,3.12,4725,291.28
CBG00434,Kota Kecil,Jawa Tengah,4207,4,11,2,359.0,16,9.0,207,4566,4.03,7038,200.89
CBG02958,Kota Kecil,Indonesia Timur,350,2,9,1,,5,6.8,102,2239,2.87,8689,84.95
CBG00659,Kota Kecil,Jawa Tengah,5673,7,17,3,265.0,4,7.3,387,8512,3.34,6790,230.26
CBG00297,Kota Besar,Sumatera,7185,6,23,3,549.0,7,7.8,486,10649,3.63,1726,305.38
CBG00728,Kota Kecil,Sulawesi,3541,5,21,4,400.0,40,7.4,359,7847,2.98,2784,219.93
CBG00421,Kota Kecil,Jawa Timur,2396,4,10,3,,19,9.3,163,3590,4.41,2729,153.44
CBG01760,Kota Kecil,Sumatera,2208,4,13,1,352.0,17,8.2,199,4383,4.34,8732,164.47
CBG02806,Metro,Jawa Timur,5506,6,21,3,316.0,10,7.5,479,10624,3.35,3422,258.92
CBG02454,Metro,Jawa Tengah,10197,10,32,5,398.0,38,8.7,643,14141,5.0,6301,371.49
CBG00315,Kota Kecil,Sulawesi,4659,6,17,4,318.0,27,7.0,304,6690,3.77,9637,233.44
CBG00187,Kota Besar,Jawa Tengah,1312,2,8,3,296.0,22,7.6,123,2696,3.69,4523,137.79
CBG01496,Kota Besar,Kalimantan,7486,9,28,5,520.0,41,9.6,493,10925,3.75,5963,331.34
CBG01599,Kota Besar,Jawa Barat,4587,6,14,4,292.0,32,8.8,353,7739,4.02,5886,255.15
CBG02851,Kota Kecil,Jawa Barat,5500,9,26,3,392.0,15,8.0,365,8038,4.16,4498,259.94
CBG01990,Kota Kecil,Kalimantan,4220,4,13,3,336.0,22,9.6,278,6048,4.15,1801,230.02
CBG00430,Metro,Jawa Barat,11736,12,33,6,500.0,39,7.7,840,18513,3.79,4573,400.83
CBG00533,Kota Besar,Indonesia Timur,6440,9,26,3,498.0,13,9.0,477,10445,4.2,7998,302.64
CBG00738,Metro,Kalimantan,9571,8,21,4,463.0,36,6.8,587,13006,4.64,7827,360.06
CBG01464,Kota Besar,Indonesia Timur,5361,6,17,3,195.0,44,9.0,383,8343,3.76,8838,280.14
CBG02315,Metro,Kalimantan,7718,7,19,3,460.0,32,7.3,525,11638,5.0,4129,332.37
CBG00805,Kota Kecil,Kalimantan,5512,8,20,3,461.0,40,9.0,351,7719,3.33,7695,292.7
CBG02468,Kota Besar,Kalimantan,6096,7,24,5,,17,7.5,330,7282,4.77,1737,271.91
CBG00730,Metro,Kalimantan,5594,6,18,4,420.0,20,6.9,429,9399,,9717,289.87
CBG01206,Metro,Jawa Timur,8775,8,25,7,423.0,4,7.3,590,13001,4.56,6466,340.57
CBG01668,Kota Kecil,Sumatera,3341,6,14,3,314.0,29,7.2,247,5437,4.47,6114,197.5
CBG01612,Kota Besar,Kalimantan,6559,8,26,5,,32,7.0,404,8802,4.02,3974,294.63
CBG01099,Kota Kecil,Jawa Timur,3722,4,16,3,268.0,40,6.7,186,4096,4.4,1501,199.45
CBG00173,Kota Kecil,Jawa Barat,2419,3,7,2,358.0,30,7.0,170,3771,3.29,3855,165.12
CBG02109,Metro,Jawa Barat,5889,5,16,3,340.0,20,6.9,387,8506,4.23,7014,279.26
CBG00638,Metro,Sumatera,8517,9,20,6,478.0,33,6.4,565,12510,4.94,9763,326.41
CBG01078,Kota Kecil,Indonesia Timur,4807,7,21,3,374.0,6,7.5,372,8196,4.13,2206,242.0
CBG02145,Kota Kecil,Sulawesi,3410,4,10,2,390.0,32,7.8,281,6209,4.67,9995,199.19
CBG01911,Kota Besar,Jawa Barat,9207,9,23,5,498.0,6,9.5,574,12679,4.2,2926,369.47
CBG02816,Kota Besar,Sumatera,7558,9,25,7,428.0,36,7.3,471,10358,3.66,3286,322.33
CBG00771,Metro,Sumatera,9248,8,21,6,446.0,1,6.4,676,14911,4.14,4150,326.25
CBG01164,Metro,Indonesia Timur,10161,11,30,8,628.0,25,8.0,642,14117,3.74,8902,396.94
CBG00357,Metro,Sulawesi,8643,8,21,4,507.0,35,9.6,465,10232,,8549,349.47
CBG01055,Metro,Jawa Tengah,4333,3,10,1,279.0,23,7.7,282,6210,4.33,5024,224.51
CBG01542,Kota Kecil,Sumatera,622,2,7,3,115.0,34,8.0,111,2441,3.12,2819,106.09
CBG02566,Kota Besar,Jawa Tengah,3568,5,17,3,322.0,35,8.9,271,5957,4.65,6713,215.47
CBG00191,Kota Besar,Indonesia Timur,6048,8,24,2,,5,8.0,438,9614,3.87,7663,279.11
CBG02354,Kota Besar,Sulawesi,7788,8,25,4,417.0,44,8.3,562,12373,4.35,8250,318.13
CBG00984,Kota Besar,Sumatera,7112,9,22,5,482.0,1,7.5,487,10743,3.9,5370,284.13
CBG00721,Kota Besar,Jawa Timur,5369,6,15,4,448.0,9,7.8,367,8129,3.7,4256,240.42
CBG02903,Kota Besar,Kalimantan,8572,9,30,6,576.0,12,9.5,594,13077,2.77,7483,341.0
CBG02838,Kota Kecil,Jawa Barat,4415,7,18,4,347.0,34,8.6,307,6781,4.74,9791,240.21
CBG01548,Kota Besar,Sulawesi,5711,4,18,3,285.0,1,9.1,458,10130,4.43,8521,243.08
CBG00562,Kota Kecil,Jawa Timur,723,3,11,1,242.0,31,6.0,74,1624,3.77,7665,110.92
CBG00003,Kota Besar,Jawa Timur,7293,8,22,4,350.0,21,7.6,484,10723,5.0,9512,291.9
CBG00279,Kota Besar,Sumatera,5592,4,11,5,331.0,26,8.4,359,7922,3.41,2691,250.46
CBG02592,Kota Kecil,Jawa Timur,7326,7,18,5,505.0,29,7.7,543,11993,4.59,6019,284.43
CBG00856,Kota Besar,Sumatera,6185,7,22,4,345.0,23,7.8,397,8706,4.04,5162,281.99
CBG00563,Kota Kecil,Jawa Barat,1501,4,11,1,187.0,34,7.1,134,2927,2.93,8842,141.1
CBG00786,Metro,Kalimantan,11221,11,29,5,487.0,42,10.0,729,15974,3.81,2293,393.61
CBG02593,Kota Besar,Jawa Tengah,6339,7,22,3,442.0,22,8.3,527,11616,3.5,7082,282.2
CBG01735,Kota Besar,Jawa Barat,9654,6,19,5,462.0,11,8.5,633,13978,3.58,6325,319.01
CBG02188,Kota Kecil,Sumatera,5020,5,13,2,406.0,22,7.8,309,6737,4.51,5057,226.66
CBG00733,Kota Kecil,Jawa Barat,2151,6,19,3,286.0,25,8.1,222,4893,,9159,172.37
CBG01807,Metro,Indonesia Timur,13319,13,32,8,480.0,43,7.6,949,20980,3.27,9188,410.81
CBG01706,Kota Besar,Jawa Timur,7182,9,26,3,456.0,24,9.4,449,9821,4.44,7427,319.16
CBG00416,Kota Kecil,Jawa Barat,4587,7,21,4,217.0,12,6.8,358,7927,3.82,2776,210.47
CBG02410,Kota Besar,Indonesia Timur,5857,7,21,3,251.0,33,7.8,476,10490,3.72,1208,280.19
CBG01352,Kota Besar,Jawa Timur,4233,8,24,3,338.0,30,7.7,282,6210,3.87,4571,242.37
CBG02135,Kota Kecil,Indonesia Timur,5659,6,23,5,323.0,5,7.0,294,6453,4.0,1284,258.06
CBG00527,Kota Kecil,Jawa Tengah,3909,6,18,2,388.0,32,7.9,305,6690,3.63,3684,208.64
CBG01565,Kota Besar,Jawa Barat,6423,7,25,5,421.0,10,7.9,468,10275,2.99,7744,282.66
CBG01230,Kota Besar,Indonesia Timur,6548,5,17,3,344.0,39,6.7,384,8363,4.72,5340,273.05
CBG00457,Kota Kecil,Sumatera,4360,4,13,4,260.0,30,7.3,272,5974,4.12,6493,203.46
CBG02913,Kota Besar,Sulawesi,6946,6,17,6,489.0,31,8.0,445,9734,4.47,4780,288.6
CBG00126,Kota Besar,Sumatera,2875,4,14,2,239.0,6,7.9,236,5199,4.66,6733,174.0
CBG02236,Metro,Jawa Tengah,11629,13,28,8,572.0,4,9.0,838,18678,4.53,9110,368.74
CBG00537,Kota Kecil,Jawa Barat,2496,3,13,3,176.0,24,6.4,157,3452,3.71,7925,162.34
CBG00181,Kota Besar,Sulawesi,6357,10,30,5,304.0,14,9.5,462,10077,4.49,5274,293.41
CBG01544,Kota Kecil,Kalimantan,5381,5,15,5,358.0,34,7.5,447,9798,,1040,257.46
CBG00774,Kota Besar,Sumatera,6983,7,22,4,469.0,23,8.5,483,10685,5.0,8397,298.86
CBG00588,Metro,Jawa Barat,11214,12,29,5,406.0,34,7.5,737,16309,4.12,4964,383.84
CBG00644,Kota Kecil,Sumatera,3293,6,19,2,217.0,5,8.3,204,4445,3.84,3638,177.58
CBG02621,Kota Kecil,Jawa Barat,2434,4,12,2,144.0,27,6.9,141,3087,4.95,2095,148.04
CBG02337,Metro,Kalimantan,9989,10,32,6,418.0,6,7.6,611,13386,4.35,3454,355.88
CBG01733,Kota Besar,Sumatera,3614,7,25,2,214.0,13,7.9,309,6808,4.18,3205,215.41
CBG00872,Metro,Indonesia Timur,7253,7,21,5,494.0,25,7.2,454,9942,3.95,7398,330.83
CBG02088,Kota Besar,Jawa Timur,3477,3,8,2,,13,6.7,285,6330,4.61,5145,175.6
CBG02563,Kota Besar,Sumatera,3452,5,15,4,329.0,43,7.4,198,4368,3.97,9813,206.69
CBG02813,Kota Kecil,Sumatera,3678,6,17,2,245.0,5,8.2,318,7023,5.0,5335,186.2
CBG00376,Metro,Jawa Barat,9927,10,24,8,637.0,9,7.8,626,13744,4.77,8170,362.71
CBG00387,Metro,Jawa Tengah,8179,8,22,5,449.0,29,7.8,598,13088,4.54,2157,321.12
CBG01531,Kota Kecil,Sulawesi,4951,7,19,5,398.0,36,7.9,286,6245,4.55,5011,249.46
CBG02866,Kota Kecil,Jawa Timur,3006,4,11,2,299.0,6,7.2,304,6698,3.63,7332,158.59
CBG01074,Kota Kecil,Indonesia Timur,2599,5,17,5,244.0,13,8.2,279,6167,3.98,4495,195.04
CBG02800,Metro,Sulawesi,5107,4,15,3,335.0,13,8.0,394,8742,3.61,7810,250.48
CBG01449,Kota Kecil,Sulawesi,7515,10,25,4,390.0,31,8.1,577,12740,5.0,3331,309.11
CBG00152,Metro,Kalimantan,8948,11,27,6,437.0,5,8.5,542,11881,3.69,2431,347.99
CBG00934,Metro,Jawa Timur,7130,5,20,3,484.0,8,7.6,458,10068,3.94,1420,296.89
CBG01039,Kota Besar,Jawa Barat,5947,7,20,4,439.0,24,8.5,460,10121,4.47,7701,281.49
CBG00424,Kota Besar,Sumatera,3701,3,11,3,199.0,34,9.1,320,7053,4.57,2917,208.95
CBG01741,Metro,Jawa Tengah,7145,7,17,3,440.0,24,8.5,465,10304,4.14,4734,306.06
CBG02154,Kota Besar,Indonesia Timur,3781,5,15,3,271.0,40,8.4,359,7882,3.96,1427,231.43
CBG00475,Kota Besar,Sumatera,5514,8,27,2,313.0,18,7.9,423,9350,3.71,8256,259.84
CBG01211,Kota Besar,Sulawesi,5272,5,18,2,,32,9.3,331,7285,4.79,1348,252.34
CBG00341,Kota Besar,Jawa Timur,6657,7,19,5,362.0,3,8.1,442,9756,4.46,8701,269.9
CBG01671,Kota Kecil,Jawa Timur,4399,5,16,5,313.0,28,7.5,274,6093,3.25,3633,229.84
CBG02308,Metro,Jawa Timur,7223,8,21,3,417.0,26,7.2,518,11456,4.22,7255,312.04
CBG02206,Kota Besar,Jawa Timur,3931,6,17,1,214.0,39,9.3,277,6030,4.02,2814,235.13
CBG01378,Kota Kecil,Sumatera,7475,6,14,4,375.0,39,7.4,575,12637,4.15,4161,279.05
CBG00143,Kota Besar,Jawa Barat,3036,5,13,1,254.0,16,7.0,291,6364,4.56,9340,180.46
CBG01160,Metro,Kalimantan,7165,5,17,4,458.0,34,7.0,486,10718,4.93,4789,338.89
CBG01460,Kota Kecil,Indonesia Timur,3193,2,11,4,247.0,4,7.6,277,6142,4.09,3895,175.27
CBG00100,Metro,Indonesia Timur,6212,6,21,4,503.0,35,7.6,429,9452,4.01,2884,323.96
CBG00427,Kota Besar,Kalimantan,6362,7,19,4,285.0,20,7.9,568,12413,4.04,2742,270.31
CBG01484,Metro,Sulawesi,12031,10,28,6,538.0,38,7.8,755,16560,3.54,4453,400.75
CBG01814,Metro,Kalimantan,12838,14,35,7,,20,8.8,754,16452,3.73,1515,415.14
CBG02716,Kota Besar,Jawa Timur,9863,9,24,4,473.0,17,8.6,668,14696,4.32,1584,335.05
CBG00735,Kota Besar,Jawa Barat,7061,7,18,4,497.0,40,7.9,541,11906,4.26,1372,304.79
CBG00803,Metro,Jawa Barat,9176,8,21,6,505.0,29,9.2,570,12572,3.63,6136,358.05
CBG02461,Metro,Jawa Barat,8051,7,19,5,462.0,16,8.1,522,11485,3.6,7536,335.58
CBG02824,Metro,Kalimantan,8634,9,28,5,568.0,24,7.4,596,13134,2.76,8833,351.09
CBG02962,Metro,Jawa Tengah,8591,8,20,8,495.0,20,8.5,536,11725,4.63,4026,334.96
CBG00808,Kota Besar,Sulawesi,5189,5,14,3,321.0,14,7.3,401,8808,4.55,2905,239.72
CBG02269,Kota Besar,Jawa Tengah,4984,6,14,4,361.0,14,7.4,362,7939,3.57,1934,233.6
CBG00753,Kota Besar,Sumatera,6252,8,19,2,266.0,39,8.6,420,9287,4.63,2443,281.76
CBG00455,Metro,Jawa Barat,6194,8,22,4,231.0,25,8.3,354,7855,,3663,291.11
CBG00833,Kota Kecil,Sumatera,4806,7,23,3,343.0,15,8.0,342,7544,3.67,3552,221.93
CBG00037,Kota Besar,Kalimantan,5572,5,15,3,278.0,29,8.8,447,9888,4.06,8602,256.44
CBG01745,Kota Kecil,Sumatera,3651,3,11,3,208.0,14,9.3,297,6578,4.69,1221,184.2
CBG01828,Kota Besar,Jawa Timur,8121,8,20,5,540.0,40,6.6,472,10346,3.89,5883,308.57
CBG01071,Kota Besar,Jawa Barat,5678,4,16,3,347.0,33,8.5,353,7719,4.39,4058,267.21
CBG00306,Metro,Jawa Timur,7224,8,21,4,441.0,37,7.7,413,9108,3.76,7966,340.64
CBG02120,Kota Kecil,Kalimantan,4696,6,19,2,361.0,36,9.2,405,8893,4.05,8695,240.43
CBG01145,Kota Kecil,Jawa Barat,3314,7,17,1,310.0,10,7.8,197,4338,3.57,1093,198.74
CBG00747,Kota Kecil,Kalimantan,5611,6,18,4,426.0,45,7.0,424,9342,3.79,6049,270.62
CBG01692,Metro,Jawa Barat,8330,8,23,5,489.0,13,7.6,559,12369,3.81,7627,330.26
CBG02075,Kota Kecil,Jawa Barat,5689,6,20,2,417.0,22,7.1,324,7075,3.87,8288,241.42
CBG01633,Metro,Jawa Barat,12101,11,28,8,673.0,44,7.9,733,16168,,5770,416.31
CBG02894,Kota Kecil,Indonesia Timur,4570,7,21,3,,18,8.8,311,6864,3.8,2444,252.91
CBG02571,Kota Besar,Sulawesi,3436,6,15,4,187.0,37,9.2,199,4348,4.32,6943,215.18
CBG01239,Kota Kecil,Sumatera,6054,8,23,2,,36,8.5,392,8622,4.44,4433,285.65
CBG00620,Kota Kecil,Jawa Tengah,1549,3,11,1,236.0,25,7.1,46,1010,4.15,2374,131.81
CBG02231,Kota Besar,Jawa Tengah,5238,7,23,4,,44,8.0,382,8330,3.47,6455,273.7
CBG00581,Kota Besar,Sulawesi,8115,6,17,4,,37,6.7,570,12569,3.79,6838,298.8
CBG01082,Kota Kecil,Sulawesi,881,2,7,1,,35,7.7,112,2465,4.15,9736,119.05
CBG02147,Kota Kecil,Jawa Tengah,3223,3,13,2,346.0,12,8.7,198,4380,3.09,8571,181.74
CBG00072,Metro,Sumatera,5910,6,19,3,320.0,36,9.2,387,8506,4.16,6658,287.91
CBG01062,Metro,Jawa Barat,7348,7,22,3,528.0,22,9.3,456,10077,3.53,2983,317.65
CBG02900,Kota Kecil,Jawa Timur,5511,8,21,3,418.0,13,8.3,382,8382,3.39,2845,243.85
CBG01917,Kota Kecil,Sumatera,1512,2,11,2,237.0,8,6.9,137,3017,3.61,9349,139.12
CBG02171,Kota Kecil,Jawa Tengah,1955,4,10,2,265.0,13,7.6,189,4129,3.74,5907,134.11
CBG01749,Kota Kecil,Sulawesi,5064,7,22,2,432.0,31,6.4,350,7756,4.6,6706,254.6
CBG00717,Kota Besar,Jawa Tengah,9147,8,23,6,433.0,15,6.0,637,14110,4.05,7955,372.3
CBG01658,Kota Kecil,Kalimantan,6594,7,22,4,321.0,9,8.3,467,10322,3.87,7233,261.2
CBG00770,Kota Kecil,Kalimantan,9141,9,24,3,655.0,15,8.2,643,14075,3.98,1482,321.46
CBG00749,Kota Besar,Kalimantan,6148,8,20,6,451.0,20,7.5,456,9996,4.71,8744,281.28
CBG02024,Kota Kecil,Jawa Barat,3674,5,17,3,370.0,5,7.7,267,5890,3.78,4806,186.58
CBG01651,Kota Besar,Indonesia Timur,7982,10,26,5,418.0,14,8.3,564,12363,3.94,4075,315.25
CBG01773,Kota Kecil,Kalimantan,3297,4,13,4,373.0,40,7.7,181,3978,4.59,8529,214.19
CBG02366,Kota Kecil,Jawa Tengah,8541,7,26,5,554.0,26,8.0,606,13333,3.33,2244,319.56
CBG01590,Kota Besar,Kalimantan,5819,6,19,4,372.0,38,7.9,403,8837,4.06,2776,261.97
CBG00088,Kota Besar,Sumatera,4943,4,13,4,319.0,19,7.5,292,6416,4.74,5133,219.55
CBG02911,Kota Besar,Jawa Barat,5532,6,19,6,315.0,5,7.0,426,9363,4.19,8057,245.0
CBG01319,Kota Besar,Jawa Tengah,9482,11,30,6,492.0,44,7.4,654,14493,4.94,1943,335.98
CBG00528,Kota Kecil,Jawa Tengah,7674,8,23,4,,3,9.3,446,9784,4.42,7359,286.16
CBG01456,Kota Kecil,Kalimantan,4009,5,16,3,362.0,31,7.9,275,6049,3.93,2218,215.33
CBG00633,Kota Kecil,Sumatera,350,4,16,2,106.0,40,9.6,63,1402,4.32,8895,125.27
CBG02385,Metro,Jawa Barat,11015,11,33,9,552.0,18,8.0,726,16024,4.27,5579,403.65
CBG02861,Kota Besar,Sumatera,7394,7,20,4,406.0,20,8.3,451,9869,3.64,2483,291.93
CBG00946,Kota Besar,Indonesia Timur,5946,6,17,5,343.0,32,8.3,474,10331,4.67,8989,275.56
CBG02219,Kota Kecil,Jawa Tengah,6509,8,21,5,430.0,15,7.7,411,9060,5.0,1041,273.99
CBG00604,Kota Kecil,Indonesia Timur,6061,7,25,6,298.0,17,9.9,427,9400,3.49,4127,323.2
CBG02440,Kota Kecil,Kalimantan,2954,5,11,2,,40,8.9,224,4973,4.1,4204,188.52
CBG01960,Kota Kecil,Sumatera,4964,4,17,4,221.0,18,7.1,382,8389,3.71,7367,223.48
CBG00665,Kota Kecil,Kalimantan,6328,7,17,5,349.0,17,7.9,423,9337,3.99,7454,256.29
CBG02644,Kota Kecil,Jawa Barat,5013,7,19,5,220.0,29,9.9,321,7035,4.02,1743,250.48
CBG02408,Kota Besar,Jawa Barat,4497,5,14,2,323.0,33,6.6,308,6728,3.73,4741,229.53
CBG00524,Kota Besar,Jawa Timur,3704,6,14,1,339.0,19,7.3,248,5478,4.1,5510,214.93
CBG00842,Kota Kecil,Sumatera,1091,4,17,2,158.0,44,6.4,217,4800,4.57,5771,128.23
CBG01950,Kota Besar,Jawa Tengah,5691,7,23,3,318.0,37,7.8,341,7487,4.57,7093,268.64
CBG01391,Kota Kecil,Jawa Barat,6119,5,19,3,316.0,1,10.0,388,8556,4.0,2234,250.17
CBG01135,Kota Besar,Jawa Tengah,3768,4,16,2,358.0,9,7.1,292,6466,4.15,3842,199.26
CBG00401,Kota Kecil,Indonesia Timur,3326,7,20,5,281.0,5,8.0,222,4901,4.53,5947,196.49
CBG00227,Kota Besar,Jawa Tengah,7423,9,23,5,321.0,12,7.6,593,13035,3.88,7391,280.31
CBG01117,Kota Kecil,Jawa Barat,2612,4,14,3,183.0,8,6.7,245,5404,3.76,2600,151.19
CBG00799,Metro,Indonesia Timur,8342,10,29,5,,27,9.3,555,12191,,3548,354.39
CBG01353,Metro,Sulawesi,11250,11,28,4,646.0,42,8.8,660,14456,3.68,5899,405.72
CBG00758,Kota Kecil,Sulawesi,3131,5,17,2,283.0,23,7.1,138,3041,3.48,4717,184.94
CBG02200,Kota Kecil,Jawa Tengah,1175,2,9,3,347.0,38,8.9,135,2947,4.1,8131,143.1
CBG02497,Kota Besar,Indonesia Timur,3768,7,23,4,,37,7.7,267,5830,3.57,4037,238.05
CBG01287,Kota Besar,Jawa Tengah,4122,6,13,4,,33,7.7,269,5930,4.39,2199,234.3
CBG02635,Metro,Jawa Barat,9908,9,21,6,491.0,33,8.5,577,12595,4.77,5241,356.58
CBG02722,Kota Kecil,Jawa Barat,1414,2,8,1,90.0,2,7.2,152,3352,4.8,4307,103.07
CBG02419,Metro,Sumatera,7352,9,27,6,370.0,35,7.5,482,10546,4.07,2237,322.84
CBG00768,Metro,Jawa Timur,6056,7,20,2,321.0,22,8.7,422,9294,3.61,3654,294.73
CBG00428,Kota Besar,Kalimantan,6430,9,26,4,474.0,40,7.4,438,9664,4.53,6420,301.18
CBG02916,Metro,Jawa Barat,8799,9,22,4,578.0,43,6.8,602,13191,4.51,8461,354.61
CBG01333,Kota Besar,Kalimantan,3780,3,12,4,426.0,18,8.3,299,6586,4.04,9660,246.46
CBG01627,Kota Besar,Sumatera,6364,7,21,3,487.0,39,7.3,429,9476,4.58,1910,291.81
CBG00027,Kota Kecil,Jawa Tengah,4287,6,24,4,500.0,8,7.4,317,7009,4.12,5008,218.3
CBG00718,Kota Kecil,Sulawesi,7038,8,24,4,420.0,3,7.9,540,11863,4.52,7313,266.6
CBG00025,Kota Kecil,Sumatera,5101,6,17,4,486.0,42,7.8,398,8763,4.7,8350,263.27
CBG02277,Kota Kecil,Sumatera,4571,5,15,4,256.0,18,7.4,258,5670,4.45,7550,199.05
CBG02133,Metro,Sulawesi,7234,9,23,3,478.0,43,9.0,398,8695,3.99,1585,347.56
CBG01553,Kota Besar,Sumatera,7333,7,22,7,395.0,12,9.2,426,9333,4.42,1763,287.4
CBG00001,Kota Kecil,Kalimantan,1918,5,16,2,284.0,4,8.3,200,4432,4.66,3035,206.19
CBG01793,Kota Kecil,Jawa Tengah,1282,3,9,2,197.0,17,7.2,100,2202,3.88,7867,123.18
CBG00864,Kota Besar,Jawa Timur,2732,3,15,3,294.0,34,8.3,237,5219,3.71,9090,197.7
CBG00061,Kota Besar,Kalimantan,9633,12,32,6,514.0,35,8.7,651,14366,4.23,7020,352.09
CBG01545,Metro,Jawa Tengah,4528,3,17,4,256.0,8,7.8,312,6831,4.86,9318,224.21
CBG02714,Kota Kecil,Indonesia Timur,5126,6,22,2,310.0,44,7.3,354,7790,3.81,4074,261.99
CBG01683,Kota Kecil,Sumatera,4763,4,17,3,306.0,30,8.5,256,5602,3.46,4716,230.63
CBG01338,Metro,Jawa Barat,9544,10,26,5,353.0,45,6.3,679,14922,3.55,1068,361.07
CBG01962,Metro,Sumatera,7979,10,27,5,381.0,7,8.6,557,12360,4.74,2463,335.48
CBG01454,Metro,Indonesia Timur,8653,11,30,5,341.0,5,8.0,567,12515,3.78,8749,335.29
CBG02841,Kota Besar,Jawa Timur,3763,8,23,2,379.0,39,8.6,247,5425,4.53,2912,252.64
CBG02998,Kota Kecil,Sumatera,1212,2,10,1,144.0,28,7.3,47,1039,3.43,7825,121.56
CBG01372,Metro,Jawa Barat,8501,9,23,6,477.0,11,9.3,568,12463,4.32,6891,336.19
CBG01560,Kota Kecil,Jawa Barat,1729,6,17,1,366.0,38,6.9,175,3841,3.83,2541,172.28
CBG00667,Kota Kecil,Jawa Barat,2738,5,15,3,339.0,28,8.8,222,4872,4.05,2255,182.81
CBG00705,Kota Besar,Jawa Barat,8747,8,20,5,544.0,41,9.0,667,14664,5.0,5859,335.89
CBG01172,Kota Kecil,Sulawesi,5957,6,18,3,393.0,11,9.2,453,9934,3.79,6946,250.74
CBG00242,Kota Besar,Jawa Timur,3620,8,26,2,265.0,1,7.0,246,5371,4.13,2358,198.21
CBG02160,Kota Besar,Sumatera,6627,6,17,4,356.0,5,7.3,465,10354,3.46,9502,265.92
CBG01786,Kota Kecil,Kalimantan,1077,3,11,2,235.0,25,8.8,117,2575,3.7,1503,136.8
CBG00132,Kota Besar,Kalimantan,9930,10,27,5,507.0,25,7.8,703,15460,4.7,1789,350.05
CBG01620,Kota Besar,Jawa Timur,4346,4,12,3,370.0,12,8.6,247,5426,3.62,4160,221.09
CBG00841,Kota Besar,Jawa Barat,4631,6,20,3,443.0,37,8.2,331,7293,3.92,7372,272.57
CBG02507,Kota Besar,Indonesia Timur,2710,2,7,2,251.0,27,9.5,169,3700,4.1,7112,180.1
CBG00195,Kota Besar,Jawa Barat,4773,6,17,2,294.0,42,7.9,349,7666,,2856,256.47
CBG02064,Kota Kecil,Jawa Tengah,2319,2,8,1,316.0,24,7.3,190,4169,4.56,1544,142.4
CBG01752,Metro,Jawa Tengah,9490,8,20,5,422.0,37,6.9,599,13201,4.54,3160,338.32
CBG01488,Kota Kecil,Kalimantan,5500,6,18,5,353.0,9,7.2,339,7439,3.94,4054,252.18
CBG01762,Kota Besar,Jawa Tengah,5097,7,22,4,309.0,21,8.7,371,8178,4.96,1156,260.15
CBG00451,Kota Kecil,Jawa Tengah,3613,4,13,1,224.0,10,8.6,167,3679,3.42,5515,185.5
CBG00171,Kota Besar,Jawa Timur,3841,4,11,3,245.0,4,7.7,282,6180,3.02,3041,190.68
CBG01966,Kota Besar,Sulawesi,5524,9,26,5,,8,7.6,329,7202,3.78,8035,263.65
CBG01771,Metro,Jawa Tengah,9173,11,30,4,642.0,13,7.7,666,14775,3.76,1114,347.41
CBG02028,Metro,Sumatera,11288,12,31,8,511.0,44,9.2,689,15344,4.76,2115,395.77
CBG01685,Metro,Sumatera,12286,13,35,4,568.0,1,8.9,752,16551,4.13,7776,385.65
CBG01337,Metro,Jawa Timur,9770,10,27,6,427.0,41,7.7,673,14826,3.97,7285,373.16
CBG00514,Kota Besar,Kalimantan,7063,6,21,5,428.0,2,9.5,498,11056,3.99,5145,284.34
CBG00220,Metro,Jawa Tengah,9544,10,28,6,317.0,42,8.0,662,14576,5.0,8286,352.61
CBG02918,Kota Kecil,Sulawesi,2833,3,13,4,279.0,30,8.7,230,5077,2.74,2434,173.5
CBG01229,Metro,Jawa Tengah,10042,11,27,5,417.0,13,7.4,609,13343,4.95,3452,346.47
CBG02576,Kota Besar,Kalimantan,8750,11,28,7,585.0,18,8.1,618,13654,4.3,8027,352.26
CBG01754,Kota Besar,Jawa Timur,6661,6,13,5,444.0,9,7.0,449,9836,4.14,8018,268.45
CBG00597,Metro,Jawa Barat,9310,9,24,5,544.0,40,7.7,572,12657,3.18,8609,369.43
CBG01237,Metro,Jawa Barat,3458,7,21,3,252.0,39,7.7,265,5850,2.72,8601,244.54
CBG01068,Kota Kecil,Sulawesi,2651,2,9,3,,26,8.3,171,3765,4.16,8619,175.03
CBG00503,Kota Kecil,Jawa Barat,8472,9,25,5,557.0,9,9.4,605,13259,4.22,8568,318.59
CBG01675,Kota Besar,Jawa Tengah,5517,8,20,4,396.0,4,6.8,329,7328,3.34,2432,250.53
CBG00865,Metro,Indonesia Timur,10575,11,29,7,493.0,34,9.4,584,12707,5.0,2294,402.64
CBG01996,Kota Besar,Jawa Timur,3244,6,16,5,271.0,29,8.4,283,6259,2.64,1702,279.33
CBG02676,Kota Besar,Jawa Tengah,6147,5,12,5,,1,8.2,448,9860,4.68,6288,249.75
CBG02865,Kota Kecil,Jawa Tengah,4739,4,14,1,,38,7.1,292,6451,4.11,5885,209.72
CBG00652,Metro,Indonesia Timur,6424,4,17,4,397.0,21,8.1,423,9297,4.38,8450,294.81
CBG00548,Kota Kecil,Jawa Timur,6785,8,17,6,517.0,11,6.7,492,10811,4.29,5041,272.92
CBG01941,Kota Kecil,Jawa Tengah,2397,4,17,2,219.0,8,8.0,212,4680,4.65,2384,146.55
CBG02101,Metro,Jawa Barat,7937,8,27,6,453.0,26,7.7,569,12460,3.9,7702,353.15
CBG01922,Metro,Jawa Tengah,8180,10,25,5,433.0,17,7.4,568,12465,3.87,3251,324.87
CBG01224,Kota Kecil,Jawa Timur,5860,7,20,5,485.0,9,7.8,401,8746,3.29,8601,241.18
CBG02764,Kota Besar,Jawa Tengah,2007,5,20,5,214.0,25,6.1,150,3290,,7638,173.27
CBG00486,Kota Besar,Jawa Tengah,7602,11,32,5,385.0,26,6.5,494,10875,4.48,5881,306.67
CBG02856,Metro,Jawa Tengah,8928,9,27,6,424.0,32,8.4,569,12556,3.59,7281,353.48
CBG02623,Kota Besar,Indonesia Timur,4629,4,12,3,220.0,17,8.5,363,7936,4.5,9749,222.44
CBG00254,Kota Kecil,Kalimantan,4277,6,18,2,258.0,22,7.7,302,6602,4.57,5742,216.03
CBG02511,Kota Kecil,Indonesia Timur,3085,5,17,2,304.0,11,8.4,158,3482,4.14,7752,236.3
CBG00296,Kota Kecil,Jawa Barat,4269,4,17,4,,25,7.6,255,5624,4.37,3713,248.41
CBG02218,Kota Besar,Sumatera,6114,8,28,4,431.0,26,10.0,395,8697,3.81,9637,290.88
CBG01975,Kota Kecil,Jawa Barat,7239,8,20,4,394.0,28,7.6,509,11168,3.87,5413,290.97
CBG01402,Kota Besar,Sumatera,6233,6,17,3,503.0,36,8.7,459,10137,3.71,9990,279.36
CBG02513,Kota Besar,Jawa Barat,4585,4,12,3,424.0,23,6.6,294,6509,3.72,3621,225.01
CBG01525,Kota Kecil,Kalimantan,4992,4,12,2,90.0,1,8.3,407,8879,3.85,9341,202.92
CBG02394,Kota Besar,Jawa Timur,3676,3,13,4,320.0,19,6.9,227,5006,3.9,7509,215.67
CBG02925,Kota Kecil,Sumatera,4281,7,21,1,238.0,16,9.1,275,6063,3.92,5491,222.67
CBG00641,Kota Kecil,Jawa Tengah,2627,4,19,2,159.0,2,7.3,175,3854,5.0,1949,189.47
CBG00329,Kota Besar,Jawa Timur,7516,8,22,4,526.0,31,8.2,457,10100,4.06,3836,386.32
CBG00271,Kota Kecil,Indonesia Timur,5687,7,17,3,381.0,24,7.1,462,10188,3.9,7395,257.12
CBG00302,Kota Besar,Sumatera,9186,10,30,6,571.0,17,8.2,595,13089,4.41,5106,341.42
CBG00366,Metro,Indonesia Timur,7447,10,24,3,377.0,13,9.2,494,10892,4.54,5383,331.18
CBG00741,Metro,Kalimantan,9691,10,24,5,506.0,18,8.4,674,14879,3.48,6454,364.66
CBG02853,Kota Kecil,Sumatera,2344,3,11,1,319.0,25,7.0,236,5241,4.32,9782,150.75
CBG01422,Metro,Sumatera,10925,11,25,7,502.0,43,8.6,719,15830,4.35,1004,384.79
CBG02579,Kota Kecil,Indonesia Timur,5209,8,21,4,323.0,41,8.8,416,9094,4.1,8545,280.07
CBG02072,Kota Kecil,Jawa Tengah,350,2,9,2,222.0,14,6.2,152,3355,4.32,7846,87.58
CBG00670,Kota Besar,Sumatera,6533,9,24,2,404.0,40,8.9,517,11334,5.0,4132,292.85
CBG02095,Kota Kecil,Jawa Timur,4713,7,22,2,297.0,20,6.8,337,7398,3.5,2241,221.7
CBG00111,Kota Kecil,Sulawesi,3368,6,18,2,228.0,38,6.5,283,6228,2.93,4014,193.46
CBG02689,Kota Kecil,Jawa Barat,5392,7,18,3,496.0,37,7.5,366,8067,4.38,2370,260.01
CBG02990,Kota Besar,Jawa Tengah,3515,4,15,3,392.0,12,8.2,294,6473,3.44,3929,204.22
CBG00743,Kota Besar,Jawa Barat,8733,9,26,4,385.0,42,8.4,710,15523,3.65,7331,340.39
CBG00650,Metro,Sulawesi,8742,9,24,5,,45,6.7,562,12375,3.82,4199,382.36
CBG02553,Kota Besar,Sumatera,6416,6,20,6,271.0,12,8.6,367,8019,3.22,7625,267.45
CBG00192,Kota Besar,Jawa Tengah,3996,5,21,4,287.0,22,8.2,348,7662,4.53,7603,230.73
CBG00639,Metro,Jawa Timur,13450,15,40,7,625.0,27,7.7,830,18246,4.54,5326,411.96
CBG00080,Kota Kecil,Sumatera,1638,5,16,2,109.0,42,7.4,192,4221,3.35,2026,145.11
CBG00898,Kota Besar,Sulawesi,9895,9,23,6,463.0,19,7.4,819,18031,4.61,7002,333.08
CBG02177,Kota Kecil,Sumatera,2867,4,14,3,156.0,33,6.9,248,5452,3.44,1683,173.77
CBG02157,Kota Besar,Jawa Timur,4961,7,21,2,318.0,17,6.2,314,6906,3.12,4098,247.06
CBG01471,Kota Kecil,Jawa Timur,7181,8,20,4,368.0,31,8.1,593,13032,4.79,8247,287.79
CBG02608,Kota Besar,Kalimantan,3385,4,15,3,328.0,39,9.0,202,4421,3.69,6628,227.4
CBG01797,Kota Kecil,Jawa Barat,3936,6,17,3,182.0,24,6.9,273,6007,4.32,3341,200.97
CBG00292,Metro,Sulawesi,10297,11,32,5,543.0,2,7.5,637,14054,4.63,1206,363.43
CBG01730,Kota Besar,Jawa Barat,8543,7,22,6,453.0,23,8.8,590,13029,3.8,8991,324.2
CBG02701,Metro,Jawa Barat,9215,9,26,7,569.0,24,8.0,635,14025,3.67,3878,360.7
CBG01981,Kota Kecil,Indonesia Timur,7227,11,29,6,561.0,30,6.9,415,9148,3.83,2983,327.77
CBG01503,Kota Kecil,Jawa Timur,8828,9,26,5,574.0,33,7.0,644,14039,4.29,8070,315.37
CBG00339,Kota Besar,Jawa Timur,5916,3,10,3,354.0,6,7.8,351,7701,3.78,4123,243.9
CBG01252,Kota Kecil,Sulawesi,5198,5,14,2,302.0,1,7.1,381,8341,4.19,5887,201.01
CBG01314,Kota Besar,Indonesia Timur,2242,3,14,2,386.0,36,8.1,125,2761,3.95,6648,198.08
CBG02907,Kota Kecil,Indonesia Timur,1377,3,11,3,186.0,29,9.6,103,2263,4.3,9436,153.89
CBG02927,Kota Kecil,Indonesia Timur,1257,2,13,3,223.0,14,7.3,39,861,4.62,3012,114.7
CBG02270,Kota Kecil,Jawa Barat,6468,5,19,5,395.0,43,6.0,349,7696,4.7,9211,260.63
CBG00930,Kota Besar,Jawa Barat,6247,7,21,5,281.0,5,7.2,380,8419,4.04,6197,253.51
CBG01465,Metro,Jawa Barat,6707,4,18,4,357.0,15,6.3,476,10584,3.68,7968,272.4
CBG02032,Metro,Jawa Tengah,4475,6,20,3,,24,9.7,324,7169,3.84,2105,254.87
CBG02203,Kota Kecil,Indonesia Timur,1570,4,13,4,191.0,10,6.8,89,1985,3.56,1416,151.47
CBG02287,Kota Kecil,Kalimantan,4528,7,18,1,281.0,31,8.8,323,7143,3.57,7329,227.5
CBG00375,Kota Kecil,Jawa Barat,3328,5,14,3,279.0,27,7.8,331,7298,4.48,6108,196.22
CBG01442,Kota Besar,Jawa Barat,3534,6,15,1,,38,7.6,238,5227,4.23,3716,229.31
CBG00994,Metro,Kalimantan,8186,10,20,5,436.0,13,8.5,605,13421,4.13,4413,330.63
CBG02054,Kota Besar,Jawa Timur,8031,8,22,5,468.0,26,7.2,515,11298,3.55,9547,320.41
CBG00359,Kota Kecil,Jawa Barat,5919,5,16,5,352.0,24,8.9,449,9891,4.14,5968,257.36
CBG01306,Kota Kecil,Jawa Tengah,4615,5,19,2,158.0,14,6.8,319,7092,3.89,7129,201.79
CBG02498,Kota Besar,Sumatera,5822,7,19,3,468.0,20,7.4,263,5743,3.4,8636,267.75
CBG00445,Kota Kecil,Jawa Barat,4465,5,13,4,,23,8.6,378,8320,4.48,1220,215.23
CBG00363,Kota Kecil,Jawa Tengah,2644,6,16,2,324.0,45,7.0,112,2472,3.47,1254,188.71
CBG01948,Kota Kecil,Kalimantan,7264,8,28,4,325.0,29,7.5,470,10290,3.5,3057,283.12
CBG00180,Metro,Jawa Timur,6143,6,15,4,491.0,43,7.6,390,8574,4.6,1990,310.7
CBG00268,Kota Besar,Sulawesi,7059,10,29,4,444.0,20,7.5,500,10862,4.7,3099,305.88
CBG00179,Kota Besar,Jawa Timur,10074,10,25,4,462.0,10,8.1,636,14026,4.52,9274,335.3
CBG00692,Kota Besar,Sumatera,9611,11,29,6,500.0,10,8.6,620,13494,4.78,8334,337.84
CBG00878,Kota Besar,Jawa Tengah,4379,5,18,3,348.0,8,9.3,249,5476,4.36,7505,215.8
CBG02062,Kota Besar,Jawa Barat,2448,6,17,3,446.0,44,7.6,233,5149,4.77,4001,206.84
CBG01263,Kota Besar,Jawa Tengah,5057,3,12,4,339.0,21,8.3,437,9562,3.88,2227,237.19
CBG01826,Kota Kecil,Kalimantan,2658,7,23,4,283.0,2,8.9,221,4856,5.0,9061,190.17
CBG02890,Kota Besar,Jawa Timur,5518,5,13,2,263.0,14,6.9,327,7244,3.36,8651,229.84
CBG01426,Kota Besar,Sulawesi,8189,10,27,6,488.0,19,9.0,521,11538,4.43,5072,318.64
CBG00489,Kota Kecil,Sulawesi,1191,2,12,1,225.0,22,8.5,156,3395,4.47,7101,123.51
CBG02398,Kota Besar,Jawa Tengah,3488,6,20,3,273.0,9,7.0,221,4869,4.68,2113,198.17
CBG02682,Metro,Jawa Barat,8839,10,31,4,385.0,10,7.4,519,11406,4.42,6589,395.74
CBG00052,Kota Besar,Jawa Timur,6957,8,20,4,465.0,34,9.0,506,11052,4.51,9897,302.48
CBG02176,Metro,Kalimantan,11937,13,36,7,539.0,13,8.6,784,17299,3.82,4320,390.79
CBG01063,Kota Kecil,Jawa Tengah,6148,5,20,4,433.0,32,9.0,498,11005,4.18,8710,268.6
CBG02272,Kota Besar,Jawa Barat,9702,9,25,5,,3,7.2,615,13557,3.83,5412,323.82
CBG01594,Metro,Indonesia Timur,10208,11,30,4,546.0,8,8.5,676,14883,3.85,5130,367.81
CBG00064,Kota Besar,Kalimantan,6325,9,28,2,335.0,42,7.5,465,10203,4.48,6026,300.14
CBG00846,Kota Besar,Sumatera,5876,7,21,4,317.0,2,9.2,402,8843,,5229,250.41
CBG00839,Metro,Jawa Timur,4636,7,18,3,454.0,31,7.3,379,8272,4.36,4788,275.49
CBG00211,Kota Besar,Sumatera,7270,8,20,5,406.0,12,6.5,411,9022,4.16,2867,267.28
CBG01507,Kota Besar,Indonesia Timur,4852,4,11,6,266.0,26,8.8,287,6335,3.95,3092,254.2
CBG02819,Metro,Jawa Barat,9743,9,25,3,468.0,12,8.7,620,13759,3.64,7265,351.78
CBG00706,Kota Kecil,Sumatera,3213,6,16,3,,42,7.9,344,7631,3.85,1093,196.32
CBG02683,Metro,Jawa Barat,6797,7,20,4,,12,7.9,515,11391,4.1,2595,357.16
CBG01209,Kota Besar,Jawa Tengah,6748,7,20,4,305.0,12,7.6,508,11191,3.65,9992,273.67
CBG01033,Kota Besar,Jawa Barat,11074,12,31,6,501.0,31,10.1,671,14824,3.26,1068,366.13
CBG01424,Kota Besar,Sumatera,1751,4,10,3,277.0,16,7.9,65,1417,3.81,1548,160.95
CBG02194,Kota Kecil,Indonesia Timur,7248,9,28,5,429.0,23,8.1,589,12877,5.0,4226,319.68
CBG00340,Kota Kecil,Kalimantan,4606,4,15,4,246.0,43,6.9,353,7789,4.27,1008,225.4
CBG01303,Kota Kecil,Sumatera,350,2,15,1,90.0,30,7.0,57,1253,4.23,7602,92.9
CBG00978,Metro,Kalimantan,9657,9,26,5,600.0,26,8.3,697,15366,4.31,8590,372.12
CBG02392,Kota Besar,Jawa Tengah,8124,9,30,4,445.0,43,8.9,618,13592,4.25,2081,342.22
CBG02259,Metro,Sumatera,9468,9,25,5,537.0,17,9.0,633,13907,4.36,8583,341.42
CBG01939,Kota Besar,Indonesia Timur,4779,7,26,5,,22,8.4,291,6408,4.18,9577,272.4
CBG00663,Kota Kecil,Jawa Timur,8971,7,23,4,514.0,8,9.1,650,14290,4.37,2887,311.46
CBG01674,Kota Besar,Jawa Tengah,7587,7,21,4,483.0,41,7.2,483,10691,4.23,9635,304.02
CBG01085,Kota Kecil,Sumatera,5606,7,19,4,374.0,15,8.5,387,8484,2.9,8454,296.31
CBG02297,Metro,Jawa Tengah,13469,15,35,8,790.0,13,8.4,873,19353,4.32,9139,417.99
CBG02932,Kota Besar,Jawa Tengah,5492,6,20,5,333.0,14,7.8,459,10013,4.05,4501,241.93
CBG02843,Metro,Jawa Tengah,7275,11,24,5,457.0,24,8.3,535,11917,3.87,5817,327.33
CBG02490,Metro,Jawa Barat,8023,7,22,5,,14,8.8,487,10673,4.93,7247,346.03
CBG02428,Kota Kecil,Jawa Tengah,2907,5,16,3,250.0,5,6.8,118,2578,4.48,6261,162.14
CBG02807,Kota Kecil,Kalimantan,4185,5,16,3,434.0,35,8.2,317,6975,4.18,3324,232.0
CBG01883,Kota Kecil,Jawa Timur,3295,3,11,2,345.0,41,7.9,331,7248,4.12,6980,191.3
CBG00355,Kota Kecil,Sulawesi,5110,7,21,5,310.0,31,8.0,404,8904,3.8,3361,258.01
CBG02825,Kota Besar,Kalimantan,9684,10,26,6,515.0,22,6.9,647,14163,4.0,8989,347.29
CBG00848,Kota Kecil,Jawa Timur,5365,6,23,3,352.0,39,8.0,297,6498,3.62,5722,253.82
CBG00695,Kota Kecil,Kalimantan,8186,10,31,4,447.0,14,8.9,588,12987,4.45,5813,323.44
CBG02897,Kota Besar,Jawa Timur,8314,8,26,5,367.0,22,9.2,489,10796,4.77,1100,307.18
CBG00714,Kota Besar,Sumatera,9550,9,27,6,571.0,14,8.9,629,13780,3.57,8092,333.97
CBG02124,Kota Besar,Indonesia Timur,2464,4,14,1,259.0,14,7.6,171,3736,4.71,9931,173.38
CBG02245,Kota Kecil,Jawa Barat,6289,8,23,5,601.0,15,8.4,366,7971,3.9,6944,285.82
CBG00059,Kota Kecil,Jawa Barat,3242,3,10,4,267.0,21,7.5,322,7135,5.0,4005,223.22
CBG02001,Kota Kecil,Jawa Timur,3920,9,21,1,,44,6.7,352,7804,3.51,7756,222.67
CBG02048,Kota Kecil,Jawa Barat,3194,4,15,2,367.0,27,6.1,227,4991,5.0,2960,181.68
CBG01891,Kota Kecil,Sumatera,9570,10,27,4,447.0,31,8.1,648,14266,4.49,9675,333.13
CBG01030,Kota Kecil,Jawa Barat,5579,7,21,5,495.0,44,8.2,439,9651,,1782,278.45
CBG00215,Kota Kecil,Kalimantan,4412,6,23,4,322.0,43,9.0,349,7711,4.65,9373,254.12
CBG00737,Kota Kecil,Sulawesi,4459,4,15,5,344.0,20,8.7,328,7251,3.44,2280,214.67
CBG02228,Metro,Sumatera,11969,12,32,7,528.0,22,8.4,805,17544,3.86,3559,388.98
CBG02583,Kota Kecil,Jawa Barat,1565,3,14,2,305.0,33,8.9,160,3506,3.47,8743,153.82
CBG02942,Kota Kecil,Jawa Barat,3535,4,14,1,294.0,45,8.7,302,6681,4.86,1605,202.66
CBG01600,Kota Besar,Jawa Tengah,7169,9,24,4,593.0,27,8.4,409,9022,4.17,3113,312.27
CBG01510,Kota Kecil,Sulawesi,6244,7,22,3,448.0,42,6.2,383,8412,3.43,2997,263.77
CBG00761,Kota Besar,Sumatera,8288,9,28,6,507.0,8,7.4,633,13898,3.84,6676,316.06
CBG00454,Kota Besar,Sulawesi,10424,9,27,6,612.0,36,7.9,689,15320,3.85,6939,407.28
CBG02663,Kota Kecil,Jawa Tengah,350,2,14,3,282.0,6,9.1,103,2287,,6094,103.32
CBG02288,Kota Besar,Indonesia Timur,3098,5,12,3,307.0,19,7.7,244,5345,3.83,7255,211.2
CBG00691,Kota Besar,Jawa Timur,7417,8,27,4,,34,7.6,496,10949,4.36,9042,311.84
CBG00214,Kota Besar,Jawa Barat,5947,9,26,2,,12,7.9,468,10292,3.36,2102,256.72
CBG02407,Kota Kecil,Jawa Barat,3358,6,20,2,298.0,2,6.9,343,7527,4.76,1466,182.97
CBG01597,Kota Besar,Jawa Barat,9665,8,24,6,471.0,7,8.6,627,13847,4.03,9545,318.68
CBG02793,Kota Kecil,Sulawesi,4454,5,16,2,273.0,15,7.8,287,6308,3.3,3315,212.78
CBG00342,Kota Kecil,Indonesia Timur,3592,4,12,4,226.0,23,7.4,229,5024,4.75,8945,191.36
CBG00148,Kota Besar,Kalimantan,3708,7,20,3,260.0,16,8.1,228,5019,4.97,9838,221.32
CBG02889,Kota Kecil,Sumatera,4336,5,18,3,,37,7.2,380,8412,4.43,6223,227.16
CBG02435,Kota Kecil,Sumatera,4967,4,11,4,354.0,3,10.0,418,9205,4.48,9342,219.19
CBG01040,Kota Kecil,Kalimantan,5082,6,18,3,410.0,7,6.7,384,8483,5.0,9632,217.18
CBG00671,Kota Kecil,Sumatera,4971,6,14,3,358.0,12,8.6,360,7846,4.57,2058,235.64
CBG00218,Kota Besar,Jawa Tengah,4827,6,20,3,294.0,12,8.4,399,8647,4.37,7055,235.92
CBG01298,Kota Besar,Jawa Barat,7441,10,26,3,476.0,17,9.8,435,9522,4.17,5011,313.11
CBG00453,Metro,Sulawesi,9828,11,31,7,552.0,36,8.3,721,15808,4.13,6881,396.71
CBG00834,Kota Besar,Jawa Barat,6985,8,23,5,263.0,41,9.0,507,11188,3.51,1239,350.98
CBG02467,Kota Kecil,Jawa Barat,4285,5,16,3,346.0,30,8.9,279,6081,4.59,5491,216.82
CBG01203,Kota Kecil,Sumatera,5583,4,12,4,224.0,17,9.0,439,9626,3.93,3904,229.47
CBG01988,Kota Kecil,Indonesia Timur,4269,7,25,5,272.0,43,8.0,394,8659,,7433,248.0
CBG01023,Kota Kecil,Indonesia Timur,989,3,8,1,146.0,36,8.2,39,860,4.76,1227,140.13
CBG01316,Kota Besar,Jawa Timur,9809,8,25,5,452.0,4,8.4,644,14207,3.95,8694,318.64
CBG00745,Kota Besar,Jawa Barat,3156,4,14,3,247.0,12,10.5,230,5029,3.76,4046,191.3
CBG02291,Kota Kecil,Jawa Timur,3867,6,19,3,368.0,21,9.1,281,6168,3.97,8884,242.41
CBG00825,Kota Besar,Jawa Tengah,7027,7,24,4,503.0,25,6.9,542,11957,3.8,6292,295.61
CBG02077,Metro,Jawa Barat,12303,12,33,6,545.0,6,7.4,862,19170,3.57,5170,389.14
CBG02110,Metro,Jawa Tengah,8403,8,21,5,482.0,18,8.0,505,11113,4.3,9207,340.12
CBG02802,Kota Kecil,Jawa Timur,6968,7,17,4,416.0,35,7.8,399,8806,,7067,271.65
CBG01125,Kota Kecil,Indonesia Timur,4656,5,14,4,270.0,27,7.0,229,5050,4.1,3002,223.61
CBG02403,Kota Besar,Kalimantan,7070,7,17,5,407.0,35,9.0,480,10521,4.31,3586,299.3
CBG00906,Kota Kecil,Jawa Tengah,6974,8,24,4,404.0,17,7.5,535,11844,4.6,2439,274.12
CBG01887,Kota Kecil,Sulawesi,2489,5,15,1,373.0,18,6.8,169,3751,4.16,5730,165.96
CBG02322,Kota Besar,Sumatera,7814,5,18,8,421.0,14,7.6,503,10996,4.05,6155,294.2
CBG02115,Kota Besar,Jawa Timur,4720,6,18,5,396.0,33,7.5,297,6567,4.68,9645,259.38
CBG01472,Kota Besar,Jawa Timur,6775,7,24,5,469.0,26,7.5,453,10000,4.3,2101,302.35
CBG02036,Kota Besar,Jawa Barat,5695,6,20,2,454.0,15,6.8,425,9414,3.6,2785,256.37
CBG00151,Kota Besar,Jawa Timur,6553,10,28,4,340.0,23,8.1,492,10747,4.48,5314,285.76
CBG02353,Kota Kecil,Jawa Timur,5078,7,22,3,389.0,40,6.6,361,7936,5.0,7029,237.97
CBG02818,Kota Kecil,Jawa Timur,3792,6,23,1,359.0,25,6.0,358,7874,4.58,8295,217.67
CBG02126,Kota Besar,Jawa Barat,6888,6,18,4,515.0,23,6.0,488,10715,3.93,8003,283.46
CBG02347,Kota Kecil,Sumatera,3213,3,9,1,202.0,11,7.0,261,5738,5.0,1566,159.08
CBG00485,Metro,Jawa Timur,6160,4,14,4,471.0,44,9.3,385,8421,4.41,3080,317.78
CBG01755,Kota Besar,Sumatera,7968,8,17,3,512.0,9,6.3,521,11416,4.1,4055,302.91
CBG01903,Kota Besar,Jawa Timur,6204,4,9,2,454.0,12,8.4,449,9864,4.69,2021,245.08
CBG00752,Kota Besar,Sulawesi,4152,6,19,2,365.0,45,7.4,270,5971,4.62,8170,258.16
CBG02491,Kota Kecil,Jawa Timur,6533,8,25,6,,34,7.7,428,9375,4.53,4944,284.22
CBG01313,Kota Kecil,Jawa Timur,1096,5,18,1,254.0,9,7.9,136,2991,4.83,9183,134.34
CBG02705,Kota Kecil,Jawa Tengah,3667,6,19,3,256.0,19,7.8,340,7475,3.24,4141,192.89
CBG01083,Kota Kecil,Jawa Barat,6005,8,20,3,465.0,2,9.1,361,8012,3.99,2641,256.42
CBG02767,Metro,Jawa Tengah,9493,11,31,6,427.0,30,7.9,615,13395,3.03,9130,368.79
CBG01257,Kota Kecil,Sulawesi,350,2,5,1,98.0,25,8.6,97,2119,5.0,4114,90.24
CBG01823,Kota Besar,Sulawesi,5934,9,24,4,331.0,4,8.0,407,8953,4.4,9759,261.04
CBG00518,Kota Kecil,Indonesia Timur,5573,5,14,3,262.0,21,7.6,484,10634,3.95,8180,262.11
CBG02018,Metro,Kalimantan,7779,7,19,4,394.0,36,8.2,549,12212,4.61,6910,333.03
CBG01660,Metro,Jawa Barat,9810,9,24,6,,18,7.3,592,12925,3.9,6252,367.45
CBG02268,Kota Besar,Kalimantan,6840,9,23,7,473.0,30,9.4,366,8114,5.0,6054,316.22
CBG00940,Kota Kecil,Jawa Barat,4187,7,25,4,,9,6.2,229,5044,3.99,5804,214.37
CBG01276,Kota Besar,Sulawesi,3786,5,15,5,374.0,7,8.9,223,4886,3.84,4817,214.07
CBG00193,Kota Kecil,Jawa Timur,4741,6,19,1,425.0,38,8.8,371,8158,4.39,4641,256.5
CBG01003,Kota Besar,Sumatera,4466,2,12,4,,27,6.9,287,6353,4.81,3087,216.23
CBG02943,Kota Besar,Kalimantan,6168,8,23,4,336.0,3,7.2,370,8143,3.45,5944,280.55
CBG02691,Kota Besar,Sumatera,7025,7,21,6,477.0,22,9.2,491,10772,5.0,4563,304.36
CBG00073,Metro,Indonesia Timur,6150,8,22,4,465.0,12,7.6,378,8322,,8734,312.99
CBG02664,Kota Besar,Sumatera,5772,6,17,6,466.0,3,8.2,429,9442,3.35,5758,262.63
CBG00090,Kota Kecil,Sumatera,8186,9,24,5,565.0,38,8.5,501,11046,3.34,9594,318.51
CBG00922,Kota Kecil,Jawa Timur,5684,6,18,3,489.0,16,7.8,409,9063,4.35,2809,246.69
CBG00018,Kota Besar,Jawa Barat,7750,7,20,3,417.0,17,7.9,525,11568,3.65,1158,301.35
CBG00702,Kota Kecil,Sulawesi,5404,8,21,3,395.0,31,9.0,430,9471,4.01,9068,258.3
CBG02444,Kota Besar,Kalimantan,6476,6,20,4,393.0,26,8.3,526,11634,4.52,2812,288.06
CBG02647,Kota Besar,Jawa Tengah,4603,7,21,6,297.0,9,9.3,323,7048,3.59,8198,241.62
CBG00116,Kota Kecil,Kalimantan,4926,8,24,1,401.0,24,9.1,378,8265,4.56,2908,252.02
CBG02929,Kota Kecil,Sumatera,4343,8,23,3,441.0,35,9.1,348,7602,4.06,7673,239.22
CBG02930,Metro,Jawa Timur,14000,13,34,7,607.0,44,8.8,992,21755,4.45,9979,418.49
CBG02540,Kota Kecil,Jawa Timur,3087,4,13,2,270.0,44,7.6,181,3984,4.0,6322,199.83
CBG01147,Metro,Sulawesi,8714,7,18,4,503.0,34,9.1,551,12203,4.01,9725,355.88
CBG00263,Kota Besar,Jawa Barat,5650,6,18,4,421.0,41,9.6,337,7458,3.64,7926,279.71
CBG02034,Kota Kecil,Jawa Barat,2190,3,11,1,221.0,31,7.7,242,5277,3.9,9229,139.19
CBG01486,Kota Besar,Sulawesi,5372,7,22,3,341.0,6,7.1,359,7893,4.06,7060,252.0
CBG02978,Kota Besar,Jawa Timur,7352,9,27,3,,6,8.8,575,12623,4.18,5594,290.34
CBG01768,Kota Kecil,Jawa Barat,6979,5,17,5,443.0,12,6.7,490,10817,4.84,5990,266.58
CBG00299,Kota Besar,Jawa Timur,6380,7,18,5,442.0,43,8.7,448,9884,,3611,299.31
CBG02437,Kota Besar,Jawa Barat,7091,6,19,5,,35,6.8,405,8840,4.16,8971,299.22
CBG02159,Metro,Jawa Timur,10184,11,29,6,413.0,3,6.0,737,16364,3.41,3200,358.11
CBG02968,Kota Besar,Jawa Barat,6841,8,24,4,413.0,40,7.5,465,10187,3.43,5021,313.21
CBG02999,Kota Besar,Jawa Tengah,5705,6,16,2,417.0,20,7.6,319,7026,3.8,4709,245.8
CBG00513,Metro,Jawa Tengah,8628,7,20,6,505.0,34,8.3,624,13587,3.43,5195,344.0
CBG00038,Metro,Sumatera,3975,6,17,2,285.0,38,9.5,298,6610,4.04,4419,252.36
CBG02395,Kota Kecil,Jawa Tengah,2645,2,7,2,293.0,40,6.6,155,3395,4.26,1951,163.52
CBG02169,Metro,Jawa Barat,6187,8,22,5,441.0,6,8.6,412,9107,3.87,7523,281.2
CBG01654,Kota Kecil,Sumatera,8392,9,25,5,429.0,19,8.7,565,12409,3.64,1818,357.45
CBG00399,Kota Kecil,Jawa Timur,350,2,6,1,225.0,42,6.0,30,664,3.17,2420,101.79
CBG01421,Kota Kecil,Indonesia Timur,3882,4,10,5,419.0,32,8.0,246,5395,4.1,2645,225.08
CBG01091,Kota Kecil,Jawa Barat,1819,6,17,1,239.0,17,9.8,86,1875,3.99,3893,159.46
CBG01171,Metro,Jawa Timur,5481,7,21,5,402.0,34,6.5,373,8244,4.01,1644,292.48
CBG01413,Kota Kecil,Jawa Barat,2843,5,11,3,240.0,31,8.1,168,3725,4.42,2521,186.66
CBG01277,Kota Besar,Jawa Barat,6573,8,26,4,388.0,7,8.5,391,8619,3.74,5517,282.38
CBG01168,Kota Besar,Sulawesi,7069,6,19,4,558.0,42,8.0,506,11022,4.67,2674,311.21
CBG01204,Kota Kecil,Jawa Tengah,5714,5,15,4,312.0,41,8.5,430,9461,4.94,8939,239.04
CBG00396,Kota Besar,Sulawesi,6070,7,20,3,385.0,7,8.4,404,8916,3.43,2627,267.31
CBG00095,Kota Besar,Sumatera,9310,11,26,5,711.0,31,8.1,559,12400,4.9,1752,357.36
CBG01166,Metro,Kalimantan,12615,10,29,6,709.0,16,9.4,844,18497,4.85,4425,391.18
CBG00677,Kota Besar,Sulawesi,5856,10,28,3,429.0,13,7.6,412,9002,3.92,6107,280.27
CBG02021,Kota Besar,Indonesia Timur,6842,7,17,3,461.0,3,6.8,442,9692,3.92,6225,282.76
CBG02634,Kota Kecil,Jawa Barat,350,3,12,1,159.0,40,7.9,65,1420,3.47,6087,105.48
CBG00896,Kota Kecil,Sulawesi,2774,4,14,2,287.0,40,8.3,198,4422,4.49,2932,186.13
CBG01448,Kota Kecil,Jawa Timur,4976,8,26,5,,2,8.2,398,8814,4.46,3883,218.18
CBG01069,Metro,Jawa Timur,7799,8,24,6,392.0,38,6.1,555,12224,4.51,4856,331.98
CBG02630,Kota Besar,Kalimantan,6102,6,18,4,470.0,12,7.0,436,9650,4.26,8519,262.72
CBG00998,Kota Kecil,Sumatera,3740,3,17,3,265.0,23,8.5,186,4117,3.85,4698,201.23
CBG02338,Kota Besar,Jawa Tengah,5439,7,21,3,461.0,3,8.7,372,8154,4.14,7595,251.77
CBG00197,Kota Kecil,Jawa Barat,6747,7,19,3,327.0,25,8.6,527,11558,3.91,3090,275.31
CBG00408,Metro,Jawa Barat,4803,8,17,3,404.0,32,6.8,400,8838,3.94,9588,275.74
CBG00662,Kota Besar,Jawa Barat,8222,7,21,5,423.0,45,8.2,522,11407,4.28,8002,332.82
CBG00579,Kota Besar,Sulawesi,9457,10,29,7,587.0,11,7.5,588,12821,4.15,3946,349.28
CBG00972,Kota Besar,Kalimantan,5037,6,19,3,235.0,36,7.2,502,11023,3.9,4736,246.82
CBG00944,Kota Besar,Jawa Tengah,5085,5,13,2,287.0,1,6.5,375,8353,4.58,6905,221.36
CBG02289,Kota Besar,Sumatera,9040,11,27,5,512.0,41,7.5,573,12701,3.73,7237,356.43
CBG00318,Kota Besar,Kalimantan,9094,11,29,7,551.0,26,7.3,624,13744,4.84,5270,347.79
CBG02336,Kota Besar,Sumatera,4978,8,23,5,375.0,15,8.1,371,8158,4.03,3166,265.53
CBG02904,Kota Kecil,Sumatera,350,5,17,1,180.0,45,9.2,46,1022,4.73,4477,125.36
CBG02527,Kota Kecil,Sumatera,992,2,9,2,117.0,38,8.1,20,446,3.42,4814,112.48
CBG02531,Kota Kecil,Sumatera,6060,6,13,7,341.0,13,8.4,466,10246,4.61,1750,241.31
CBG01798,Metro,Jawa Barat,7310,9,23,4,386.0,34,6.7,543,12005,4.94,1016,333.51
CBG01282,Kota Besar,Jawa Timur,5699,6,19,4,328.0,23,8.8,356,7848,4.65,6661,266.12
CBG01037,Kota Kecil,Jawa Timur,3250,6,14,4,260.0,41,9.0,191,4210,4.46,2505,214.81
CBG00545,Kota Kecil,Jawa Barat,4391,7,19,2,,22,8.9,426,9372,4.29,9348,223.59
CBG01396,Kota Kecil,Indonesia Timur,350,3,10,3,263.0,44,9.3,104,2284,3.87,6657,128.58
CBG02685,Kota Kecil,Jawa Tengah,4434,5,15,3,214.0,13,6.9,406,9033,4.23,3678,193.77
CBG02564,Kota Kecil,Sumatera,7340,5,12,4,313.0,21,6.6,546,11971,4.06,4635,256.11
CBG00547,Kota Kecil,Jawa Barat,5861,7,19,4,386.0,17,7.9,502,10987,4.52,2898,243.76
CBG02778,Kota Besar,Jawa Timur,5071,6,16,3,203.0,33,8.4,409,9078,3.78,4714,240.65
CBG01097,Kota Kecil,Indonesia Timur,3585,5,14,1,354.0,2,9.3,306,6713,3.96,6190,246.47
CBG01193,Kota Besar,Sumatera,2632,4,15,3,243.0,14,8.6,209,4560,4.08,1492,173.08
CBG02317,Metro,Jawa Timur,10545,11,32,8,505.0,2,7.7,729,15962,3.25,7525,371.16
CBG02209,Metro,Jawa Barat,6562,8,23,4,451.0,9,8.5,489,10799,3.53,6486,304.73
CBG02674,Metro,Jawa Barat,6220,6,18,5,366.0,14,7.5,380,8309,3.82,6549,284.48
CBG00636,Kota Besar,Jawa Tengah,9958,9,23,6,371.0,40,7.8,705,15469,4.33,9372,339.44
CBG00890,Metro,Jawa Tengah,14000,10,25,9,629.0,18,7.2,905,19892,4.66,2906,389.82
CBG00591,Kota Kecil,Sumatera,3622,6,17,1,305.0,38,6.3,276,6110,3.23,6784,207.91
CBG00963,Metro,Sumatera,11296,11,32,5,586.0,40,8.7,779,17016,5.0,4947,391.4
CBG02225,Kota Kecil,Sumatera,4825,7,22,3,452.0,8,6.9,392,8593,4.59,1943,234.42
CBG02143,Metro,Kalimantan,7241,7,21,4,357.0,30,7.9,545,12015,3.85,8947,331.17
CBG00109,Kota Kecil,Jawa Barat,3999,7,18,2,353.0,19,9.8,297,6551,4.34,6688,225.52
CBG01403,Kota Besar,Sulawesi,8444,9,27,5,,45,8.8,568,12439,3.61,4632,350.01
CBG00893,Kota Besar,Indonesia Timur,6004,6,19,5,284.0,13,7.2,354,7817,3.0,2529,255.44
CBG01451,Kota Besar,Jawa Barat,5529,6,19,4,293.0,7,7.0,374,8207,5.0,8173,245.6
CBG02339,Kota Kecil,Sumatera,2379,4,18,2,183.0,37,6.7,337,7410,5.0,3812,170.59
CBG02554,Kota Kecil,Indonesia Timur,4702,7,14,1,362.0,36,8.2,332,7302,4.53,2295,227.43
CBG02591,Kota Besar,Sumatera,7453,7,21,4,,1,8.0,452,9955,,7638,280.32
CBG01158,Kota Kecil,Sumatera,350,3,8,3,206.0,24,8.0,104,2290,4.43,6278,97.85
CBG00713,Kota Kecil,Sulawesi,2305,5,14,3,277.0,24,8.0,295,6491,4.76,6212,168.23
CBG00288,Kota Besar,Jawa Timur,10654,9,26,8,446.0,35,8.7,745,16472,4.03,9408,359.26
CBG01011,Metro,Jawa Barat,7819,9,26,2,402.0,10,8.2,550,12117,4.22,1446,316.72
CBG01006,Kota Kecil,Jawa Barat,3926,3,15,4,200.0,22,7.0,223,4872,4.31,1248,199.78
CBG01618,Metro,Jawa Timur,8643,8,25,6,490.0,34,7.2,576,12666,4.3,4547,370.28
CBG01684,Kota Besar,Sulawesi,2685,6,21,1,359.0,26,8.1,276,6017,3.68,4965,195.81
CBG01579,Metro,Jawa Barat,11190,9,23,7,773.0,21,8.0,791,17256,,4585,383.88
CBG01219,Metro,Jawa Timur,8968,11,28,5,507.0,14,8.4,637,13989,3.41,3211,358.85
CBG01587,Kota Kecil,Sulawesi,5592,7,22,4,,25,7.1,357,7906,3.45,2568,260.41
CBG02815,Kota Kecil,Indonesia Timur,8340,7,25,5,415.0,32,6.6,609,13417,4.28,3493,302.17
CBG02855,Metro,Jawa Timur,6750,6,18,4,,36,8.5,465,10229,4.11,6770,293.11
CBG00796,Kota Besar,Jawa Tengah,4573,5,13,2,224.0,3,7.6,259,5679,3.62,4607,199.22
CBG00201,Kota Besar,Sulawesi,8705,10,29,7,542.0,37,8.2,509,11285,4.51,8477,348.38
CBG02512,Kota Kecil,Jawa Barat,3851,2,10,3,222.0,31,7.9,247,5417,4.62,2996,181.9
CBG01459,Metro,Sumatera,6957,7,21,6,323.0,42,7.9,479,10616,3.43,5806,317.85
CBG02706,Kota Besar,Jawa Timur,5521,7,19,4,401.0,31,6.0,380,8381,3.99,2960,265.47
CBG01325,Kota Kecil,Indonesia Timur,3797,4,15,1,,45,8.3,196,4303,3.82,3657,224.36
CBG01076,Kota Besar,Jawa Timur,8805,9,21,1,590.0,32,8.7,595,13182,,7711,346.51
CBG00526,Kota Besar,Jawa Barat,8956,13,35,4,563.0,19,9.5,626,13685,4.44,6533,344.03
CBG02042,Kota Kecil,Jawa Barat,4697,6,15,4,410.0,23,9.5,373,8170,3.71,8714,235.52
CBG02870,Kota Kecil,Sumatera,6232,9,21,4,,44,8.5,367,8096,3.31,7104,289.1
CBG02119,Kota Kecil,Sumatera,3278,3,12,2,356.0,40,6.7,188,4183,3.5,5161,194.76
CBG00507,Metro,Sumatera,10067,9,24,3,542.0,37,7.1,713,15748,3.66,2886,366.67
CBG00480,Kota Kecil,Jawa Barat,4740,7,18,4,233.0,29,9.8,288,6313,4.07,1165,238.81
CBG00688,Metro,Sumatera,10528,12,31,5,553.0,15,8.6,623,13686,4.1,9980,376.36
CBG01189,Metro,Jawa Tengah,10988,11,24,5,450.0,11,7.3,689,14919,3.69,3104,354.05
CBG02690,Kota Besar,Jawa Timur,3569,4,14,4,274.0,8,7.9,170,3748,4.03,6526,194.5
CBG00397,Kota Kecil,Jawa Barat,4113,6,16,2,,1,7.1,290,6444,4.55,6304,191.29
CBG02186,Kota Besar,Sulawesi,5819,6,16,4,376.0,19,8.7,391,8650,3.94,5991,249.54
CBG01366,Metro,Sulawesi,9565,11,33,5,439.0,27,7.5,574,12631,4.11,5267,367.85
CBG01862,Kota Kecil,Indonesia Timur,2624,3,13,1,261.0,10,7.1,208,4573,4.5,4202,154.0
CBG00837,Kota Besar,Sumatera,8134,7,21,6,491.0,23,7.4,493,10845,2.98,6973,306.8
CBG02264,Kota Besar,Sulawesi,5390,7,21,3,404.0,40,9.2,385,8540,4.54,4096,288.47
CBG01264,Kota Besar,Sumatera,4383,3,12,1,466.0,21,8.1,263,5776,4.22,6499,229.9
CBG00603,Kota Kecil,Jawa Tengah,2742,5,13,2,166.0,10,7.8,250,5522,5.0,3437,149.11
CBG00241,Metro,Indonesia Timur,8956,9,28,5,500.0,10,7.0,648,14314,3.62,1911,350.37
CBG01940,Metro,Jawa Timur,7694,10,27,4,521.0,3,7.8,557,12172,4.75,5058,332.91
CBG00449,Kota Kecil,Jawa Timur,3918,5,15,1,382.0,22,7.1,326,7157,3.39,8480,192.23
CBG00843,Kota Kecil,Sumatera,5541,6,21,5,393.0,38,8.3,433,9523,3.59,1181,262.6
CBG02442,Kota Kecil,Jawa Barat,5164,7,27,4,383.0,37,6.6,373,8252,3.43,2431,259.09
CBG00014,Kota Besar,Jawa Timur,6780,8,15,6,491.0,33,8.7,458,10063,5.0,4614,309.76
CBG02939,Kota Besar,Indonesia Timur,5026,9,29,3,377.0,5,7.6,328,7173,5.0,2040,268.95
CBG00985,Kota Kecil,Jawa Barat,1947,6,16,1,285.0,36,8.6,190,4160,3.04,7449,160.73
CBG02004,Kota Besar,Kalimantan,3680,5,19,3,266.0,8,8.1,253,5589,4.74,2455,211.36
CBG02562,Kota Kecil,Jawa Timur,4655,5,17,4,327.0,36,8.2,313,6940,4.89,1828,247.19
CBG01788,Kota Kecil,Indonesia Timur,4986,4,10,1,357.0,39,8.7,467,10262,4.57,7023,239.8
CBG00377,Metro,Jawa Tengah,8156,7,16,5,387.0,28,8.7,695,15376,4.56,8696,322.48
CBG02660,Kota Kecil,Kalimantan,1225,3,11,1,143.0,22,9.7,164,3614,3.39,2266,130.81
CBG00264,Kota Besar,Sumatera,6942,9,24,4,518.0,21,8.6,451,9945,3.5,2114,293.97
CBG00616,Kota Kecil,Kalimantan,2107,4,15,3,182.0,39,7.7,191,4200,4.66,4863,177.61
CBG00504,Kota Besar,Jawa Tengah,8779,11,30,3,485.0,43,7.5,626,13812,4.1,8614,337.95
CBG00058,Kota Kecil,Indonesia Timur,10088,11,28,4,581.0,25,8.6,815,17964,3.98,2986,349.35
CBG02695,Kota Besar,Jawa Tengah,8067,10,31,2,494.0,24,8.6,569,12596,5.0,1873,325.23
CBG01197,Kota Besar,Indonesia Timur,5423,8,23,4,375.0,1,7.9,344,7578,,4125,261.47
CBG02471,Kota Besar,Jawa Tengah,6109,8,21,3,493.0,17,10.0,374,8276,4.09,8549,270.77
CBG02654,Kota Kecil,Jawa Barat,4779,6,18,4,376.0,3,6.4,441,9713,4.19,6840,220.26
CBG00233,Metro,Kalimantan,9541,12,33,4,577.0,28,7.5,655,14441,3.9,1552,383.58
CBG02670,Metro,Sumatera,9503,8,24,6,556.0,31,8.1,745,16296,3.44,9723,355.69
CBG01676,Kota Kecil,Kalimantan,4221,3,15,1,266.0,28,7.1,234,5121,4.06,3971,213.26
CBG01872,Kota Kecil,Indonesia Timur,1136,5,14,2,,8,8.5,118,2601,4.18,7524,127.49
CBG01136,Kota Kecil,Kalimantan,3845,5,12,3,406.0,27,6.4,383,8388,4.39,5280,210.39
CBG01583,Kota Kecil,Indonesia Timur,1429,5,15,3,147.0,44,9.1,166,3681,4.36,1852,164.14
CBG01902,Kota Kecil,Jawa Barat,3234,4,14,2,449.0,41,7.1,349,7699,3.88,5695,210.95
CBG02572,Metro,Sulawesi,9360,11,32,7,621.0,19,8.6,690,15152,4.57,3674,382.89
CBG02758,Metro,Sulawesi,9609,9,24,4,388.0,41,6.8,609,13454,4.5,6461,343.86
CBG00174,Kota Besar,Indonesia Timur,5597,7,22,5,364.0,7,9.6,451,9957,3.81,8628,262.34
CBG00142,Metro,Jawa Tengah,10352,10,27,9,622.0,7,7.9,699,15467,4.23,6925,357.26
CBG00205,Kota Besar,Jawa Tengah,5245,2,11,3,452.0,27,8.6,399,8826,4.59,2930,239.36
CBG01992,Kota Kecil,Sulawesi,4405,5,14,5,309.0,33,7.4,342,7506,4.31,4660,229.87
CBG01235,Kota Besar,Jawa Timur,6588,9,24,6,304.0,34,7.1,499,11101,4.23,7480,296.61
CBG02326,Kota Besar,Jawa Tengah,5981,6,18,5,348.0,28,7.1,420,9239,3.86,6030,265.68
CBG01783,Kota Besar,Jawa Barat,3878,4,15,2,396.0,6,9.6,275,6093,4.25,3743,219.24
CBG01490,Metro,Jawa Tengah,11108,9,23,5,526.0,3,7.1,728,15839,3.08,9810,416.05
CBG01611,Kota Kecil,Kalimantan,3567,6,18,3,234.0,33,6.9,208,4584,3.65,8296,210.47
CBG00682,Kota Kecil,Jawa Barat,7543,9,30,4,336.0,37,7.6,411,9048,4.5,9243,311.44
CBG00858,Kota Kecil,Kalimantan,6258,9,23,4,491.0,40,7.0,463,10221,4.26,4827,281.48
CBG02166,Kota Kecil,Sumatera,2405,2,8,1,497.0,29,6.3,190,4179,4.43,4817,156.93
CBG01437,Metro,Kalimantan,8621,8,24,5,403.0,31,9.1,574,12559,4.13,7568,353.81
CBG01839,Kota Besar,Jawa Timur,7323,6,13,3,450.0,34,7.7,460,10081,4.38,6159,293.13
CBG02204,Kota Besar,Jawa Barat,7857,8,21,3,487.0,31,8.1,548,12026,4.26,8385,312.35
CBG02076,Kota Kecil,Jawa Tengah,2938,6,20,2,446.0,32,8.5,269,5914,4.07,7535,201.13
CBG00790,Kota Kecil,Jawa Timur,4028,5,16,3,193.0,5,7.9,284,6260,4.06,2013,200.93
CBG02569,Kota Kecil,Jawa Barat,4251,5,17,5,227.0,35,6.3,224,4992,3.92,6603,208.1
CBG01415,Kota Besar,Jawa Tengah,3113,6,16,2,309.0,18,7.4,355,7797,4.78,5934,185.89
CBG01385,Kota Kecil,Sulawesi,1599,4,18,2,115.0,40,8.5,114,2527,3.52,2633,150.17
CBG02649,Kota Kecil,Jawa Barat,2568,5,13,2,,6,8.7,201,4445,3.87,2440,195.5
CBG01184,Kota Kecil,Jawa Timur,5338,4,13,3,327.0,23,8.5,289,6347,4.0,5886,232.22
CBG02022,Metro,Sulawesi,8391,9,24,6,670.0,2,8.2,562,12368,3.7,3307,347.0
CBG02286,Kota Kecil,Indonesia Timur,1764,3,14,1,199.0,43,8.4,159,3531,4.37,1365,170.85
CBG00936,Kota Kecil,Jawa Barat,7277,7,22,4,447.0,14,8.0,515,11351,4.09,4672,278.49
CBG00512,Kota Besar,Indonesia Timur,7056,7,26,5,363.0,30,8.7,460,10127,4.37,4868,296.43
CBG01262,Kota Kecil,Indonesia Timur,6546,6,20,5,366.0,25,8.0,554,12237,4.38,4160,271.03
CBG01585,Kota Besar,Jawa Tengah,6857,10,29,3,363.0,31,8.0,550,12080,4.54,9137,313.44
CBG00101,Metro,Jawa Barat,10670,11,30,7,432.0,31,7.5,780,17228,3.51,6155,378.96
CBG00013,Kota Besar,Jawa Tengah,4479,5,15,4,349.0,14,7.8,321,7048,3.82,3316,223.4
CBG00645,Kota Besar,Sumatera,688,4,15,2,200.0,32,8.0,28,609,4.71,9829,133.84
CBG01550,Kota Kecil,Sumatera,3400,7,23,4,281.0,27,6.5,181,3960,5.0,6176,193.25
CBG00779,Kota Kecil,Sumatera,3483,7,22,1,352.0,23,7.3,256,5626,4.93,4458,202.21
CBG02246,Kota Besar,Jawa Tengah,6591,10,28,4,,2,7.2,436,9591,4.93,6610,278.49
CBG01268,Kota Besar,Sumatera,5321,8,21,3,234.0,20,6.9,312,6885,4.16,6673,232.78
CBG01059,Metro,Sulawesi,10751,11,33,6,451.0,41,7.3,659,14402,4.12,5979,376.04
CBG02222,Metro,Jawa Tengah,9716,11,27,6,454.0,40,6.0,579,12733,3.44,6486,355.73
CBG01399,Kota Besar,Jawa Tengah,5588,7,22,3,318.0,32,6.9,448,9816,4.14,1878,257.9
CBG01354,Kota Besar,Kalimantan,7263,7,22,5,358.0,1,6.8,402,8876,3.44,1525,297.91
CBG02613,Kota Besar,Jawa Barat,8368,6,15,5,501.0,14,8.8,549,12041,4.2,9513,312.23
CBG00855,Metro,Sumatera,10375,9,25,5,579.0,44,6.7,671,14749,5.0,6711,374.72
CBG00021,Metro,Sumatera,8182,11,30,5,569.0,17,7.3,559,12242,5.0,2506,350.1
CBG00750,Kota Kecil,Jawa Tengah,1573,3,12,1,296.0,34,7.5,111,2428,5.0,8213,134.01
CBG01494,Kota Besar,Sulawesi,6031,9,25,5,337.0,6,7.8,413,9108,3.44,6211,272.1
CBG00118,Kota Kecil,Jawa Barat,4759,6,18,4,369.0,38,8.5,309,6858,4.29,1327,251.54
CBG02040,Kota Besar,Sumatera,8698,10,24,4,348.0,45,7.7,535,11783,4.06,8556,320.77
CBG02255,Kota Besar,Jawa Timur,6121,6,17,4,623.0,18,8.3,407,8955,3.49,4580,296.72
CBG00564,Metro,Jawa Timur,8583,11,26,4,391.0,29,7.2,481,10588,4.28,1337,345.25
CBG01645,Kota Kecil,Kalimantan,726,3,18,2,175.0,24,7.4,111,2461,3.57,5210,126.16
CBG01128,Kota Besar,Jawa Barat,7582,9,29,5,380.0,44,7.6,453,9970,3.45,2022,333.4
CBG00491,Kota Kecil,Sulawesi,5568,4,13,4,333.0,22,9.5,485,10726,5.0,8633,235.68
CBG00047,Kota Besar,Jawa Timur,5433,7,20,2,283.0,23,7.1,355,7868,4.65,7352,248.68
CBG00493,Kota Besar,Sulawesi,4234,4,6,3,383.0,33,9.2,301,6652,3.91,3694,225.15
CBG01644,Kota Besar,Kalimantan,5764,7,21,3,549.0,26,7.9,348,7657,3.99,3227,274.51
CBG02281,Kota Besar,Jawa Barat,2980,3,12,1,374.0,4,8.5,173,3820,3.88,8564,192.42
CBG02333,Metro,Jawa Barat,6023,6,18,3,340.0,1,7.9,507,11110,3.74,5651,267.59
CBG00948,Kota Kecil,Sumatera,8540,11,33,5,577.0,36,8.2,594,13126,3.92,7323,336.21
CBG01906,Kota Kecil,Sumatera,5706,5,13,4,411.0,44,6.3,364,7980,4.48,9266,245.19
CBG00769,Metro,Jawa Tengah,8601,7,21,5,487.0,23,7.5,500,10938,4.42,2034,327.08
CBG02951,Kota Besar,Jawa Tengah,5333,6,15,4,325.0,31,7.6,383,8377,4.13,5783,251.03
CBG02587,Kota Kecil,Kalimantan,7449,9,24,5,532.0,45,6.6,430,9497,,6914,316.49
CBG02248,Kota Besar,Jawa Barat,6336,7,21,4,458.0,40,8.7,551,12070,4.28,9654,300.51
CBG02158,Kota Kecil,Sulawesi,5704,6,19,3,413.0,31,9.0,441,9642,3.52,7037,271.93
CBG00960,Metro,Sulawesi,9630,9,25,3,440.0,18,9.5,614,13564,,3569,413.11
CBG01976,Kota Besar,Jawa Barat,5914,8,26,4,355.0,41,7.6,470,10260,4.83,4901,271.48
CBG01217,Kota Kecil,Sumatera,2345,6,17,1,261.0,2,8.6,118,2605,4.39,3248,158.94
CBG01748,Kota Besar,Indonesia Timur,5991,6,16,5,498.0,30,7.4,471,10403,4.06,9410,274.2
CBG00565,Kota Besar,Jawa Tengah,8078,11,28,6,,6,8.3,486,10752,4.6,1544,321.82
CBG00610,Kota Kecil,Jawa Tengah,7449,9,31,4,423.0,14,8.5,527,11578,4.24,4078,288.16
CBG02501,Kota Kecil,Sulawesi,1684,3,14,3,196.0,33,8.3,91,2003,4.31,6943,158.55
CBG01431,Kota Kecil,Jawa Barat,6945,7,19,6,471.0,14,8.1,442,9762,4.27,9921,284.84
CBG01233,Kota Besar,Sulawesi,7963,10,28,4,360.0,38,8.5,512,11311,3.86,8464,342.25
CBG01562,Kota Besar,Kalimantan,7732,10,29,7,350.0,28,8.1,555,12142,3.71,6209,325.24
CBG00577,Kota Kecil,Jawa Tengah,2821,4,13,3,300.0,23,7.8,158,3482,4.75,3861,172.05
CBG00627,Metro,Jawa Timur,7508,7,18,5,431.0,16,10.3,496,10801,4.42,9563,320.37
CBG01584,Kota Besar,Sumatera,5913,8,24,4,401.0,2,9.9,385,8403,3.97,7872,273.86
CBG01377,Kota Kecil,Sumatera,6260,8,21,4,,12,8.8,423,9256,4.09,7390,261.12
CBG01588,Metro,Jawa Timur,11579,11,31,7,548.0,22,8.6,701,15390,4.23,3120,382.37
CBG02319,Metro,Jawa Timur,8593,9,22,6,401.0,3,7.6,638,14080,4.13,4057,325.61
CBG01534,Metro,Jawa Timur,11718,12,32,5,761.0,25,9.1,788,17390,4.06,1739,400.56
CBG01880,Metro,Jawa Timur,10236,9,25,5,645.0,45,7.0,686,15235,3.25,3787,388.98
CBG02949,Kota Besar,Jawa Barat,6773,10,27,4,497.0,1,8.9,475,10349,4.89,9972,308.32
CBG00756,Kota Kecil,Jawa Timur,5877,7,18,5,505.0,33,7.9,428,9467,3.97,3349,271.24
CBG02451,Metro,Sumatera,7607,10,23,5,443.0,28,7.5,495,10846,,7556,324.79
CBG01532,Kota Besar,Jawa Barat,5720,8,20,4,493.0,5,7.6,429,9410,4.84,4949,278.5
CBG02747,Kota Kecil,Sulawesi,2913,5,15,1,262.0,41,6.9,254,5609,3.99,1468,250.94
CBG00640,Kota Kecil,Jawa Timur,5974,9,24,4,351.0,35,7.7,438,9639,4.06,9658,271.45
CBG02445,Kota Besar,Jawa Timur,3223,5,17,3,275.0,45,8.5,206,4542,3.12,5402,209.31
CBG00044,Kota Kecil,Sumatera,3551,7,17,3,203.0,27,6.8,330,7252,3.9,3233,194.43
CBG00008,Metro,Jawa Barat,6698,8,18,3,559.0,29,7.2,373,8205,3.14,6956,313.06
CBG02617,Kota Besar,Jawa Barat,5102,7,25,4,,24,9.6,383,8333,3.62,1530,271.68
CBG00739,Kota Besar,Kalimantan,7244,10,28,4,291.0,27,8.7,565,12378,5.0,7673,288.8
CBG00033,Metro,Jawa Timur,10243,10,30,5,681.0,17,7.6,641,14124,4.23,2515,387.91
CBG00471,Kota Kecil,Jawa Tengah,4666,5,12,3,240.0,3,8.3,396,8687,4.32,5713,194.42
CBG00472,Kota Besar,Jawa Barat,6997,6,18,4,485.0,16,7.6,519,11463,3.65,5116,293.68
CBG00422,Kota Besar,Indonesia Timur,1307,4,15,2,219.0,1,7.7,36,796,4.22,1164,147.79
CBG01691,Kota Kecil,Jawa Tengah,2591,4,19,4,295.0,18,7.8,238,5222,3.32,8167,169.83
CBG02235,Kota Kecil,Jawa Timur,1126,3,8,3,183.0,28,7.8,63,1380,3.84,2855,120.11
CBG02711,Kota Kecil,Jawa Tengah,5371,6,15,2,415.0,12,9.2,370,8165,4.36,1140,225.58
CBG01478,Kota Kecil,Jawa Barat,3471,8,21,4,311.0,41,8.4,270,5879,2.9,7030,225.15
CBG02197,Kota Kecil,Kalimantan,6438,8,23,5,416.0,24,7.9,387,8499,3.58,7862,285.46
CBG02698,Kota Besar,Jawa Timur,6615,5,18,5,436.0,33,8.6,418,9199,4.45,7635,283.43
CBG02662,Kota Besar,Jawa Timur,3674,6,16,2,,15,7.5,322,7007,4.07,6087,197.62
CBG02631,Metro,Jawa Barat,7794,7,16,5,482.0,18,8.5,440,9549,5.0,9838,325.4
CBG01715,Kota Kecil,Sulawesi,6229,9,27,5,365.0,29,8.4,497,10862,,3957,278.48
CBG02844,Kota Kecil,Jawa Tengah,6075,8,22,3,401.0,11,8.1,511,11230,3.23,2898,251.53
CBG00465,Kota Kecil,Jawa Barat,4687,6,20,3,306.0,13,9.1,338,7408,4.8,2341,230.27
CBG01334,Kota Besar,Jawa Timur,8912,10,26,7,458.0,30,6.7,518,11415,4.39,6969,332.74
CBG02411,Metro,Sulawesi,10117,9,25,8,615.0,19,8.4,712,15862,5.0,7252,361.91
CBG01956,Kota Kecil,Kalimantan,1479,3,10,2,231.0,26,8.5,163,3577,4.04,9901,147.28
CBG00668,Kota Besar,Jawa Barat,8257,9,22,3,380.0,10,6.2,569,12494,4.81,6571,294.92
CBG00010,Metro,Jawa Barat,10052,9,27,6,512.0,20,9.9,668,14583,5.0,7697,372.94
CBG02238,Kota Besar,Jawa Tengah,5209,6,15,4,,17,8.8,276,6067,4.27,2968,239.04
CBG01722,Kota Kecil,Jawa Barat,4646,5,14,1,379.0,25,7.6,318,6939,3.77,1243,226.98
CBG01731,Kota Besar,Jawa Timur,6545,7,17,5,542.0,27,8.9,402,8842,4.21,9282,327.85
CBG02645,Kota Besar,Jawa Tengah,7636,7,26,6,480.0,5,7.9,455,10060,3.3,2658,292.02
CBG01284,Metro,Sumatera,8923,10,27,5,578.0,29,9.4,668,14828,4.32,8401,357.05
CBG01889,Kota Kecil,Jawa Barat,1907,4,16,2,173.0,34,7.8,162,3550,5.0,5144,163.62
CBG01455,Metro,Jawa Barat,11898,10,27,7,570.0,23,9.2,822,17986,3.33,6086,388.04
CBG01524,Metro,Jawa Barat,12348,10,27,7,556.0,8,7.7,821,18070,4.7,6101,370.42
CBG01697,Metro,Jawa Timur,5546,5,12,4,526.0,37,8.5,398,8841,4.56,8904,298.82
CBG01294,Kota Besar,Indonesia Timur,5003,6,19,3,164.0,39,7.7,337,7467,4.83,6555,259.41
CBG01423,Kota Kecil,Kalimantan,762,2,10,2,,45,8.0,111,2445,3.87,4598,133.82
CBG01443,Kota Kecil,Jawa Timur,5280,5,17,3,358.0,41,7.3,377,8292,3.92,2060,244.25
CBG02692,Kota Kecil,Jawa Timur,6261,7,24,5,475.0,40,6.0,373,8189,3.51,3832,275.98
CBG02469,Kota Kecil,Jawa Tengah,6818,6,16,3,418.0,15,7.6,448,9792,3.83,5759,261.4
CBG01114,Metro,Jawa Barat,12170,12,28,8,696.0,31,8.2,797,17634,,7467,403.88
CBG01652,Kota Besar,Kalimantan,9176,11,31,6,419.0,28,8.0,635,13975,4.4,8622,351.37
CBG00433,Kota Kecil,Sulawesi,3501,4,17,2,377.0,7,8.0,279,6108,3.8,5864,194.94
CBG00787,Kota Besar,Jawa Timur,4703,7,20,1,341.0,3,8.4,461,10260,4.12,9609,233.81
CBG01152,Metro,Sumatera,6677,10,28,4,413.0,39,10.1,566,12368,,8638,331.27
CBG00125,Metro,Kalimantan,9239,7,19,7,486.0,1,6.8,621,13806,4.37,9769,333.1
CBG00066,Kota Besar,Kalimantan,5498,5,19,3,423.0,11,7.3,396,8743,3.26,9525,257.61
CBG02254,Kota Besar,Sumatera,4438,5,18,3,413.0,45,9.8,384,8457,2.91,3345,256.54
CBG01194,Kota Kecil,Jawa Tengah,3327,7,24,4,336.0,44,6.0,317,7015,4.15,3929,222.69
CBG01821,Kota Besar,Indonesia Timur,8530,9,23,5,519.0,4,6.0,622,13703,,2366,311.07
CBG01822,Kota Besar,Sumatera,7304,8,24,3,588.0,23,8.3,413,9152,4.63,9649,289.17
CBG02346,Kota Besar,Indonesia Timur,7878,10,31,7,507.0,37,9.8,486,10678,4.72,9843,358.99
CBG02544,Kota Besar,Jawa Timur,2003,2,9,4,369.0,13,8.5,198,4345,4.49,5007,168.32
CBG00781,Kota Kecil,Jawa Barat,4030,7,20,3,262.0,40,9.2,308,6759,4.51,1433,233.71
CBG02031,Kota Besar,Jawa Barat,8536,8,27,4,603.0,12,7.7,556,12153,4.02,3560,323.55
CBG00130,Kota Kecil,Jawa Barat,3065,8,23,4,207.0,9,8.8,181,3969,4.52,6596,194.56
CBG01180,Kota Kecil,Jawa Tengah,2262,4,14,3,350.0,41,7.1,173,3791,3.87,7358,179.26
CBG02068,Kota Besar,Jawa Tengah,7257,7,17,5,,41,8.8,449,9864,3.8,8764,311.35
CBG01445,Metro,Kalimantan,10705,11,25,6,496.0,4,7.6,646,14263,4.34,8774,358.43
CBG01359,Kota Kecil,Jawa Timur,4530,5,20,3,408.0,26,8.4,348,7649,5.0,2011,223.64
CBG02937,Kota Besar,Jawa Timur,6820,5,17,6,450.0,9,6.9,425,9389,3.61,1810,283.95
CBG02677,Kota Kecil,Jawa Tengah,5381,5,17,2,,8,8.1,429,9351,4.13,3778,230.7
CBG01865,Kota Kecil,Jawa Barat,4834,7,22,3,365.0,35,7.1,321,7070,4.18,7770,249.26
CBG02906,Kota Kecil,Sumatera,4416,4,14,5,354.0,23,8.0,404,8910,5.0,6866,219.14
CBG01924,Kota Kecil,Sulawesi,8409,8,26,6,524.0,32,9.0,539,11838,4.0,5938,330.26
CBG01574,Kota Besar,Sumatera,6660,8,24,5,369.0,45,8.0,492,10836,4.22,3133,306.92
CBG01079,Kota Kecil,Jawa Tengah,5260,6,10,5,370.0,3,6.9,423,9227,4.52,5452,210.71
CBG02330,Kota Besar,Jawa Timur,7338,5,16,6,399.0,28,8.7,419,9195,4.93,1351,285.09
CBG00238,Kota Kecil,Jawa Tengah,6886,6,23,4,,39,6.0,543,12002,4.5,2865,272.62
CBG00962,Kota Kecil,Jawa Tengah,2302,4,16,2,90.0,4,7.0,117,2562,3.75,5480,137.25
CBG01223,Kota Kecil,Jawa Timur,7947,9,26,3,377.0,6,9.1,566,12431,3.21,5122,283.53
CBG01882,Kota Kecil,Jawa Tengah,5092,4,13,4,491.0,6,7.6,309,6808,4.02,1322,227.07
CBG01527,Metro,Sumatera,11253,11,31,6,,34,7.4,763,16741,3.34,7287,398.6
CBG01970,Kota Besar,Jawa Tengah,2964,5,17,4,203.0,25,9.0,279,6171,3.89,4423,197.81
CBG01707,Kota Besar,Sumatera,5642,5,14,5,288.0,31,6.3,461,10131,4.21,7288,245.25
CBG00763,Kota Kecil,Jawa Tengah,350,3,12,1,217.0,22,7.6,20,440,4.65,2328,96.3
CBG00370,Kota Besar,Jawa Barat,5309,7,17,5,277.0,30,9.5,368,8109,3.57,9971,258.79
CBG00523,Kota Kecil,Sumatera,4927,8,23,4,523.0,22,8.8,256,5695,3.41,2397,256.55
CBG02067,Kota Kecil,Sumatera,4842,4,15,5,,2,9.6,292,6409,3.58,2724,222.81
CBG00076,Metro,Sulawesi,9131,9,31,4,511.0,34,8.5,529,11738,4.29,8441,368.23
CBG02885,Kota Besar,Kalimantan,7238,8,19,3,,31,7.9,473,10344,4.6,1369,303.85
CBG00055,Kota Kecil,Sumatera,3660,5,14,4,251.0,32,6.6,350,7682,4.58,6314,199.91
CBG00267,Metro,Kalimantan,6743,8,24,5,526.0,26,6.7,411,9118,4.14,4243,308.81
CBG01626,Metro,Jawa Tengah,5964,6,15,3,391.0,38,7.9,439,9675,4.65,3047,274.55
CBG01779,Metro,Kalimantan,1957,3,11,3,367.0,15,7.7,52,1146,5.0,1041,191.29
CBG02183,Metro,Sumatera,7055,7,22,4,362.0,40,7.7,522,11499,3.42,4920,323.67
CBG02881,Kota Kecil,Indonesia Timur,3448,3,13,3,351.0,24,9.7,139,3064,4.64,4183,212.57
CBG02085,Kota Besar,Indonesia Timur,8804,8,22,5,,4,9.5,593,13019,3.88,6048,302.5
CBG00921,Kota Besar,Jawa Timur,4410,6,18,3,438.0,18,8.9,319,7017,4.75,2653,231.06
CBG00383,Metro,Indonesia Timur,11561,10,26,5,544.0,9,9.8,753,16649,4.48,7789,380.87
CBG02972,Kota Kecil,Jawa Tengah,5131,5,17,6,393.0,4,7.5,416,9219,4.15,7843,215.15
CBG02879,Kota Kecil,Sulawesi,2914,3,10,2,339.0,33,7.9,299,6519,4.14,1250,178.74
CBG02484,Kota Kecil,Jawa Timur,2783,4,15,4,382.0,27,7.2,248,5406,5.0,1808,181.79
CBG02782,Kota Besar,Jawa Tengah,6582,6,17,4,480.0,39,8.7,516,11376,3.93,3729,298.42
CBG02282,Kota Kecil,Jawa Timur,5341,7,19,3,367.0,29,8.0,383,8349,4.17,6191,244.33
CBG01700,Metro,Sulawesi,9592,9,23,4,463.0,40,8.3,719,15692,3.02,5984,359.82
CBG00836,Kota Kecil,Sumatera,2591,4,12,1,353.0,30,8.0,209,4628,4.0,3759,173.04
CBG01725,Kota Besar,Jawa Barat,3928,5,19,2,319.0,32,9.0,369,8192,4.28,2746,227.04
CBG02880,Kota Kecil,Jawa Barat,3874,5,15,3,371.0,8,7.7,360,8017,4.69,8933,209.54
CBG00464,Kota Besar,Jawa Tengah,7070,6,15,3,317.0,37,8.6,527,11529,4.34,6645,293.19
CBG00740,Metro,Sulawesi,8392,8,20,7,412.0,17,8.5,560,12413,4.75,7891,331.06
CBG02725,Kota Kecil,Jawa Timur,3063,4,9,3,263.0,16,6.8,331,7261,3.69,6627,170.32
CBG02687,Kota Besar,Sumatera,6443,5,18,4,465.0,43,7.4,441,9705,3.28,3202,286.3
CBG00802,Metro,Kalimantan,7841,6,18,4,428.0,14,10.1,468,10309,4.34,2778,317.06
CBG00276,Kota Besar,Jawa Barat,2950,4,12,1,228.0,42,7.9,214,4699,3.76,1638,188.76
CBG01123,Kota Kecil,Kalimantan,7308,8,19,4,423.0,28,7.9,471,10365,3.91,5505,296.67
CBG01299,Kota Besar,Sumatera,8709,9,28,6,440.0,2,8.9,607,13355,3.75,7073,321.26
CBG02271,Kota Besar,Jawa Timur,4712,7,23,3,277.0,45,7.7,359,7899,3.85,8046,251.04
CBG02508,Kota Besar,Kalimantan,7508,8,19,5,484.0,33,8.7,503,10936,4.86,6401,314.75
CBG02493,Kota Kecil,Sumatera,4807,6,17,2,211.0,24,8.5,378,8352,3.91,8039,216.26
CBG01348,Kota Besar,Jawa Barat,8113,10,28,6,430.0,41,8.0,480,10567,4.28,7822,330.35
CBG01096,Kota Kecil,Sumatera,6881,7,25,4,380.0,32,8.5,523,11433,4.29,7611,273.99
CBG01616,Metro,Jawa Barat,6650,6,19,4,362.0,34,7.9,531,11765,4.55,7117,305.17
CBG00613,Kota Besar,Jawa Timur,4283,6,16,2,384.0,13,9.0,273,5990,3.56,1178,231.31
CBG02104,Kota Besar,Jawa Barat,8611,7,23,6,467.0,9,9.5,566,12573,3.51,9342,317.1
CBG01041,Kota Besar,Jawa Timur,5348,7,22,3,381.0,25,6.6,356,7809,3.75,7100,247.39
CBG00849,Kota Besar,Jawa Barat,7142,6,17,5,328.0,23,7.0,453,9880,3.72,3446,292.62
CBG02414,Kota Besar,Sumatera,5885,8,17,3,583.0,21,7.7,379,8323,3.17,9553,272.32
CBG01154,Metro,Kalimantan,5924,7,22,2,380.0,16,8.5,340,7476,,6042,288.88
CBG02014,Kota Besar,Jawa Timur,4755,5,18,4,,30,8.8,377,8269,4.43,9227,234.51
CBG00596,Kota Kecil,Jawa Timur,1572,2,14,2,241.0,35,8.7,176,3916,4.25,6693,155.79
CBG02822,Kota Besar,Sumatera,4862,6,15,1,314.0,44,8.2,359,7902,3.44,1858,251.46
CBG01429,Kota Kecil,Jawa Tengah,5974,8,22,3,472.0,23,8.2,422,9253,3.83,6203,272.94
CBG01551,Metro,Jawa Barat,11072,10,25,8,542.0,24,8.0,762,16804,4.13,4944,390.27
CBG01817,Metro,Jawa Barat,6497,7,16,4,504.0,39,8.3,426,9351,3.99,9768,319.11
CBG01181,Kota Besar,Jawa Barat,3196,2,9,5,272.0,43,8.2,249,5433,4.47,8574,206.66
CBG00986,Kota Besar,Jawa Barat,7817,8,27,5,,30,6.9,626,13748,4.19,7489,318.28
CBG01999,Metro,Indonesia Timur,10648,10,27,7,508.0,9,7.3,836,18403,4.35,7661,365.68
CBG01681,Kota Kecil,Jawa Barat,9449,13,37,5,527.0,39,7.8,626,13666,4.1,2398,362.47
CBG01521,Kota Besar,Jawa Timur,6405,7,19,4,507.0,30,8.1,374,8209,4.5,6398,283.14
CBG00368,Metro,Sumatera,8575,10,25,5,420.0,38,8.6,565,12536,4.03,1041,357.48
CBG01998,Metro,Jawa Tengah,7478,7,23,6,384.0,33,8.2,444,9701,3.5,6824,329.11
CBG02557,Metro,Kalimantan,9666,9,27,6,531.0,24,7.5,611,13410,4.21,7348,361.39
CBG02622,Kota Kecil,Jawa Tengah,350,2,10,2,138.0,44,7.2,29,639,4.66,2750,98.36
CBG02306,Kota Kecil,Jawa Barat,5203,6,18,3,300.0,31,6.1,358,7896,4.14,3865,238.8
CBG01326,Kota Kecil,Indonesia Timur,3738,7,20,2,290.0,44,7.5,217,4748,3.47,2004,239.01
CBG00096,Kota Kecil,Sumatera,4261,7,21,3,394.0,37,8.5,302,6656,4.96,6052,234.75
CBG00098,Kota Besar,Kalimantan,6282,5,19,4,343.0,35,7.7,347,7649,4.7,6016,289.84
CBG01679,Kota Besar,Kalimantan,4471,7,20,4,294.0,4,7.4,291,6437,4.21,3114,233.78
CBG02220,Kota Besar,Jawa Barat,4284,5,19,4,387.0,2,9.2,346,7625,,2746,227.69
CBG01376,Kota Besar,Indonesia Timur,2547,5,13,4,393.0,21,7.7,188,4150,4.25,3273,192.55
CBG00382,Kota Kecil,Jawa Tengah,2846,5,14,2,142.0,7,7.2,267,5850,4.35,1125,155.4
CBG02884,Kota Kecil,Jawa Barat,6556,9,25,5,404.0,45,7.9,399,8762,3.69,9897,295.61
CBG00417,Kota Besar,Sulawesi,5660,8,22,2,360.0,39,8.8,439,9652,2.98,2938,278.94
CBG01724,Kota Besar,Jawa Timur,6199,7,20,6,311.0,7,8.6,481,10644,4.6,7970,257.3
CBG00029,Kota Besar,Jawa Barat,4232,6,19,4,301.0,6,6.5,157,3441,4.22,1190,216.65
CBG02335,Kota Besar,Sumatera,1318,3,12,1,181.0,10,8.7,161,3511,3.62,7310,187.12
CBG00448,Kota Kecil,Jawa Timur,8970,8,22,7,461.0,11,7.2,579,12734,3.73,6314,293.24
CBG00653,Kota Kecil,Indonesia Timur,7033,8,23,5,541.0,29,6.7,548,12000,3.71,5464,312.06
CBG02673,Kota Besar,Jawa Timur,7177,7,20,5,354.0,44,9.0,470,10309,3.32,2917,299.06
CBG02368,Metro,Jawa Barat,12559,13,36,8,548.0,33,8.4,806,17680,4.21,5717,407.44
CBG02253,Metro,Sumatera,11359,10,26,6,479.0,43,6.8,755,16772,4.39,8812,379.39
CBG00821,Metro,Sumatera,6319,6,21,3,328.0,40,9.5,483,10623,4.86,9684,290.41
CBG02520,Kota Kecil,Sumatera,4405,7,21,4,,35,6.9,217,4720,4.12,9676,220.04
CBG01833,Kota Besar,Kalimantan,9949,10,27,6,430.0,22,8.0,671,14716,3.73,4868,340.22
CBG02383,Kota Besar,Sumatera,5714,7,22,1,,8,7.6,418,9228,4.51,5130,242.73
CBG02523,Kota Besar,Jawa Barat,7267,6,13,3,435.0,26,7.4,433,9472,3.43,2929,283.83
CBG00722,Kota Kecil,Jawa Timur,4354,3,10,4,,33,6.5,346,7633,5.0,8168,214.22
CBG01522,Kota Besar,Jawa Barat,6374,9,24,4,493.0,40,8.1,462,10177,4.22,7580,292.9
CBG02873,Metro,Kalimantan,7454,6,18,5,492.0,24,9.1,532,11675,2.95,2365,329.26
CBG01858,Kota Besar,Jawa Barat,824,3,12,1,164.0,30,8.6,73,1603,4.18,1172,134.58
CBG02618,Metro,Jawa Barat,11067,12,30,5,589.0,41,8.0,706,15585,4.31,9160,401.76
CBG02426,Kota Kecil,Sulawesi,2965,5,13,2,262.0,24,8.0,261,5723,4.0,9860,182.31
CBG00780,Metro,Kalimantan,6422,5,17,4,444.0,17,8.4,349,7660,4.59,1166,341.31
CBG01024,Kota Besar,Indonesia Timur,8852,8,17,5,482.0,40,8.2,591,13019,4.35,2186,351.15
CBG00005,Kota Besar,Jawa Barat,5859,9,24,3,332.0,32,6.1,404,8857,3.33,9328,270.49
CBG01513,Kota Kecil,Sulawesi,4007,5,14,4,341.0,24,10.2,294,6447,3.32,3905,214.45
CBG02703,Kota Besar,Jawa Timur,9204,9,31,5,345.0,39,6.9,573,12591,4.7,8566,328.12
CBG02910,Metro,Sulawesi,9650,10,28,7,489.0,7,7.7,696,15229,3.68,7411,355.89
CBG00517,Kota Besar,Jawa Timur,7490,8,25,4,591.0,8,6.9,556,12305,5.0,5825,301.63
CBG01694,Metro,Jawa Timur,10174,11,28,4,487.0,4,8.2,692,15132,4.36,7057,358.58
CBG02459,Kota Kecil,Sumatera,2522,3,13,1,301.0,22,8.8,189,4143,4.15,1684,171.52
CBG02709,Kota Kecil,Sumatera,4051,7,24,4,374.0,45,8.3,398,8777,4.43,1189,246.34
CBG00351,Kota Kecil,Kalimantan,7002,9,27,4,360.0,2,8.0,498,10962,4.55,3109,276.9
CBG02536,Kota Besar,Jawa Timur,8344,10,31,5,300.0,18,6.6,509,11116,4.62,3890,322.27
CBG02845,Kota Kecil,Sumatera,4204,4,16,5,368.0,39,8.4,419,9248,3.15,9155,222.82
CBG00661,Kota Besar,Kalimantan,7999,8,23,3,481.0,27,7.3,546,12058,3.82,8223,306.63
CBG02721,Kota Besar,Kalimantan,8367,10,25,3,447.0,26,6.6,541,11941,3.68,9349,317.55
CBG00900,Kota Kecil,Indonesia Timur,5201,10,23,2,256.0,8,9.3,334,7274,4.22,9406,259.55
CBG02541,Metro,Jawa Tengah,8488,12,32,4,458.0,27,6.0,608,13468,3.86,9355,375.09
CBG00159,Metro,Sumatera,6973,7,22,2,494.0,20,7.6,558,12410,,3853,303.09
CBG00384,Kota Kecil,Jawa Tengah,2533,5,18,2,338.0,17,7.9,207,4583,3.88,2504,170.44
CBG02100,Kota Besar,Sumatera,4583,4,13,3,381.0,34,7.9,299,6592,4.76,4913,247.42
CBG00141,Kota Kecil,Sumatera,6932,7,19,5,339.0,40,7.4,376,8256,4.47,6601,258.39
CBG00466,Kota Kecil,Kalimantan,2175,6,15,2,165.0,43,7.0,181,3972,4.96,7529,167.42
CBG02651,Metro,Jawa Barat,6580,9,24,5,422.0,23,8.7,377,8263,4.5,5623,321.16
CBG00300,Kota Besar,Jawa Barat,4344,7,25,4,275.0,21,7.9,396,8743,4.35,7947,227.67
CBG00398,Kota Kecil,Jawa Timur,2459,5,16,1,331.0,1,8.0,341,7423,3.57,4923,157.29
CBG02914,Kota Besar,Jawa Timur,10697,10,33,5,549.0,39,7.7,676,15021,3.43,6073,360.16
CBG01782,Kota Kecil,Jawa Barat,2129,2,12,3,299.0,24,7.5,221,4864,3.93,2771,156.13
CBG01650,Kota Besar,Jawa Barat,3077,6,17,3,371.0,2,6.7,265,5813,3.65,7918,196.51
CBG01034,Kota Kecil,Sumatera,7331,10,30,5,495.0,11,7.6,473,10399,3.92,5569,291.34
CBG02388,Metro,Jawa Barat,9583,9,22,7,,37,7.7,617,13616,4.8,6954,367.56
CBG01086,Kota Kecil,Indonesia Timur,3825,5,19,2,422.0,19,6.2,248,5435,4.44,1752,223.8
CBG01049,Kota Kecil,Jawa Timur,2586,3,7,2,238.0,22,7.6,210,4614,3.57,4413,155.96
CBG01919,Kota Kecil,Jawa Timur,6736,6,16,4,341.0,17,9.8,464,10288,4.54,3738,257.84
CBG00847,Metro,Jawa Timur,5999,7,22,5,254.0,24,8.0,363,7996,3.83,7505,280.4
CBG00252,Kota Kecil,Jawa Timur,5648,5,20,5,,36,7.2,371,8185,4.13,9664,261.02
CBG01569,Kota Besar,Indonesia Timur,7192,9,24,4,447.0,2,7.8,494,10817,,2199,301.91
CBG02060,Kota Besar,Kalimantan,6388,6,17,4,383.0,43,6.5,414,9082,4.43,7833,292.74
CBG00807,Metro,Sumatera,8797,11,28,6,591.0,15,8.4,584,12774,4.73,8800,366.62
CBG02367,Kota Kecil,Kalimantan,6226,7,21,6,354.0,27,8.4,441,9686,4.94,9551,278.45
CBG00716,Kota Besar,Kalimantan,4575,7,18,3,344.0,22,7.2,426,9383,4.0,4767,251.6
CBG01934,Metro,Jawa Barat,5808,7,18,4,317.0,25,8.1,356,7805,4.03,4394,291.07
CBG01087,Metro,Sumatera,9795,12,35,8,597.0,37,9.0,671,14761,,3168,403.64
CBG00988,Metro,Kalimantan,7281,10,28,3,414.0,13,7.7,519,11336,3.38,5282,328.32
CBG01727,Kota Besar,Jawa Barat,5304,5,16,5,358.0,23,8.8,340,7489,3.19,4874,247.65
CBG00196,Kota Kecil,Jawa Timur,7510,7,16,4,446.0,21,8.3,472,10433,3.94,5906,276.05
CBG01210,Metro,Jawa Tengah,8216,9,20,6,552.0,31,9.9,614,13520,3.51,6387,355.53
CBG01045,Kota Kecil,Jawa Timur,4059,5,15,1,304.0,21,9.5,330,7238,3.82,4350,204.21
CBG00280,Kota Besar,Sulawesi,5634,7,21,5,382.0,11,7.2,446,9833,4.69,2357,266.2
CBG00097,Kota Kecil,Jawa Barat,3072,4,16,2,318.0,8,6.3,219,4860,3.28,3136,173.03
CBG00442,Kota Besar,Jawa Timur,7312,5,16,4,516.0,12,6.7,524,11439,4.73,1361,281.66
CBG01577,Kota Besar,Jawa Tengah,8442,11,26,6,498.0,22,9.7,710,15796,4.65,4536,327.68
CBG01043,Kota Besar,Sumatera,6503,9,26,2,410.0,14,6.7,450,9841,3.36,9703,284.42
CBG02334,Metro,Jawa Tengah,4311,6,21,3,332.0,32,8.3,268,5931,,1441,264.57
CBG01430,Metro,Jawa Barat,9990,10,27,6,453.0,5,7.9,650,14340,4.31,9188,357.9
CBG00331,Kota Kecil,Jawa Barat,2930,6,21,4,219.0,5,8.5,211,4663,4.49,1566,186.88
CBG01383,Metro,Sulawesi,7546,9,26,4,464.0,38,9.3,515,11279,5.0,8377,348.97
CBG00862,Kota Besar,Sulawesi,4042,6,19,4,290.0,36,8.4,310,6865,4.39,1306,242.71
CBG00746,Metro,Sulawesi,5409,7,25,4,315.0,4,8.4,433,9559,3.73,4398,273.73
CBG02655,Kota Besar,Jawa Barat,6094,7,19,5,350.0,16,7.4,369,8102,4.74,6192,261.5
CBG01885,Kota Besar,Jawa Tengah,6885,9,27,4,415.0,45,8.8,443,9691,4.03,1988,304.52
CBG02868,Kota Kecil,Jawa Tengah,7448,6,17,2,422.0,39,8.0,525,11531,4.29,5887,268.6
CBG02374,Kota Besar,Jawa Tengah,5211,5,20,4,390.0,22,7.6,361,7950,3.01,7819,260.38
CBG01615,Kota Kecil,Jawa Timur,6744,7,21,7,431.0,23,8.0,484,10577,3.3,4474,278.82
CBG02384,Metro,Kalimantan,7140,9,23,3,413.0,33,7.6,425,9331,3.85,8546,321.72
CBG00595,Kota Kecil,Jawa Timur,3834,6,19,5,157.0,22,8.0,292,6467,3.76,8027,204.66
CBG01226,Kota Kecil,Sumatera,1234,4,15,2,273.0,29,8.9,100,2208,4.14,6397,137.96
CBG01497,Kota Besar,Jawa Tengah,10500,9,25,6,465.0,26,7.2,699,15316,4.7,3013,334.78
CBG02965,Metro,Jawa Tengah,2897,3,12,3,,20,9.4,257,5625,3.8,6831,201.0
CBG00550,Kota Kecil,Kalimantan,2544,4,16,1,176.0,42,7.3,184,4038,3.79,8853,180.17
CBG00557,Kota Kecil,Jawa Tengah,1646,4,14,1,117.0,31,8.6,113,2485,3.9,5722,132.79
CBG02515,Metro,Sumatera,9700,10,30,5,562.0,20,8.4,649,14201,4.06,8748,369.29
CBG00542,Kota Kecil,Jawa Tengah,1719,2,7,4,263.0,7,9.9,154,3392,4.11,3283,132.53
CBG01698,Kota Besar,Sulawesi,7443,8,25,5,267.0,22,8.4,456,10119,4.27,5613,305.61
CBG00265,Kota Kecil,Indonesia Timur,1721,2,10,4,247.0,39,8.5,185,4067,4.63,2839,163.5
CBG01516,Kota Besar,Jawa Timur,7691,8,19,2,521.0,18,7.5,581,12672,3.89,5151,299.06
CBG01812,Kota Besar,Sumatera,6415,8,21,2,461.0,9,6.0,451,9922,4.01,9354,260.52
CBG01367,Kota Kecil,Jawa Tengah,5855,6,16,4,,28,6.3,408,9037,5.0,1247,243.21
CBG01065,Kota Kecil,Kalimantan,5549,7,24,4,451.0,38,9.7,390,8578,4.4,4750,326.89
CBG00301,Metro,Sulawesi,11517,13,36,6,571.0,30,7.6,733,16059,4.47,2662,446.57
CBG02164,Kota Kecil,Jawa Tengah,4195,4,15,3,352.0,2,8.2,353,7799,3.8,3487,192.82
CBG00554,Kota Besar,Kalimantan,10254,9,22,6,520.0,42,8.4,564,12438,3.49,7752,362.71
CBG00468,Metro,Jawa Tengah,8194,8,22,5,470.0,32,8.0,532,11723,4.04,8461,347.1
CBG00345,Metro,Sulawesi,9812,10,24,5,365.0,25,6.0,657,14428,4.07,8005,390.91
CBG02162,Metro,Jawa Timur,6113,9,28,4,456.0,40,8.7,457,10094,4.62,1230,334.45
CBG01845,Kota Kecil,Jawa Barat,4625,7,23,4,476.0,21,8.9,309,6790,3.72,7233,244.93
CBG02443,Kota Kecil,Sumatera,7712,7,21,5,510.0,4,8.2,483,10654,3.75,1472,276.87
CBG02132,Metro,Sulawesi,9233,9,25,6,399.0,7,7.1,612,13566,4.36,6304,339.9
CBG01321,Kota Kecil,Jawa Barat,3198,5,14,1,303.0,10,7.5,276,6090,3.82,5132,192.54
CBG01778,Kota Besar,Jawa Barat,548,3,13,4,194.0,17,6.9,112,2460,3.63,8613,131.75
CBG02581,Kota Kecil,Sumatera,2513,5,18,1,365.0,6,8.3,261,5730,3.7,2067,171.12
CBG01288,Kota Kecil,Kalimantan,2228,3,11,3,220.0,13,6.9,225,4969,4.08,8325,152.28
CBG02558,Kota Besar,Sumatera,6210,8,23,4,415.0,6,7.2,402,8853,4.88,9288,268.83
CBG00440,Kota Kecil,Jawa Barat,2437,5,17,3,342.0,42,7.3,195,4299,,4079,188.15
CBG00022,Metro,Sulawesi,10343,9,24,6,633.0,11,8.3,681,14936,3.92,8300,370.37
CBG01293,Kota Kecil,Kalimantan,3880,4,16,3,265.0,11,7.3,205,4494,4.26,4116,195.62
CBG01813,Kota Kecil,Jawa Timur,3171,5,15,2,230.0,16,9.8,241,5274,4.0,8326,183.5
CBG01253,Kota Besar,Sumatera,8060,7,22,5,401.0,23,6.4,642,14080,5.0,1820,365.88
CBG02734,Kota Kecil,Jawa Barat,4665,5,14,2,252.0,25,6.5,393,8707,4.14,5763,220.23
CBG01458,Kota Besar,Sumatera,9394,8,23,4,567.0,22,9.0,658,14537,3.78,2912,332.72
CBG01322,Kota Besar,Jawa Barat,3636,5,13,4,267.0,40,8.8,309,6745,4.05,7258,225.16
CBG01398,Kota Besar,Jawa Timur,5671,6,17,5,538.0,29,6.4,461,10078,,1109,260.58
CBG00488,Kota Besar,Jawa Tengah,7274,7,20,4,500.0,29,7.6,496,11033,4.1,5180,296.21
CBG00230,Kota Kecil,Jawa Timur,2288,3,11,1,171.0,43,8.1,210,4606,3.76,4466,159.08
CBG01309,Kota Besar,Jawa Tengah,9919,9,23,7,458.0,21,7.7,580,12606,4.21,6094,335.15
CBG01295,Kota Kecil,Jawa Timur,3214,2,11,2,303.0,45,7.9,191,4203,3.36,7205,203.33
CBG00287,Kota Kecil,Sumatera,478,2,9,2,229.0,42,8.8,211,4632,4.81,1432,128.19
CBG01418,Kota Kecil,Sumatera,5861,7,19,4,340.0,39,8.8,332,7338,4.79,4423,334.59
CBG01241,Kota Besar,Jawa Barat,5793,5,19,4,492.0,28,6.8,399,8712,3.99,5757,269.02
CBG00811,Kota Besar,Kalimantan,9684,9,21,5,545.0,7,6.9,651,14305,4.67,8252,320.18
CBG02726,Kota Kecil,Kalimantan,5680,6,19,5,447.0,34,7.3,423,9390,4.81,5032,272.67
CBG00432,Metro,Sumatera,9663,11,31,4,414.0,16,7.1,683,15082,4.53,2774,344.93
CBG01704,Metro,Sulawesi,8228,9,27,3,,13,7.7,624,13758,4.13,4558,318.46
CBG02148,Kota Besar,Indonesia Timur,4889,7,17,3,456.0,33,10.0,300,6592,4.43,4218,282.79
CBG02936,Kota Kecil,Sumatera,4216,3,12,3,396.0,45,8.9,364,8024,2.74,7990,220.97
CBG00621,Kota Kecil,Sulawesi,1128,2,11,2,253.0,17,8.3,106,2329,4.5,3124,138.13
CBG01446,Metro,Kalimantan,8725,10,26,5,,25,6.6,516,11360,4.6,8494,346.3
CBG00937,Kota Kecil,Kalimantan,350,2,13,1,251.0,13,7.1,100,2205,4.89,6804,93.97
CBG02771,Kota Besar,Indonesia Timur,5348,7,18,4,319.0,31,7.0,337,7395,4.21,1548,266.08
CBG01809,Kota Kecil,Sumatera,5505,6,16,4,,41,6.8,426,9346,4.48,5082,244.37
CBG02719,Kota Besar,Kalimantan,3647,5,16,3,296.0,13,8.5,269,5911,3.89,6977,212.97
CBG00131,Kota Besar,Jawa Timur,5265,8,24,6,,31,9.0,386,8505,3.56,3894,266.31
CBG01491,Metro,Sumatera,8862,8,25,4,458.0,12,8.4,561,12409,4.03,4075,331.5
CBG00956,Kota Kecil,Jawa Timur,5503,8,22,4,302.0,26,7.3,504,11149,4.25,4078,259.33
CBG00914,Kota Besar,Sumatera,3654,6,22,3,374.0,22,8.8,350,7711,4.5,7867,225.66
CBG00860,Metro,Jawa Barat,8527,9,26,6,435.0,22,7.5,584,12823,3.53,4219,340.47
CBG01419,Kota Besar,Kalimantan,10272,11,33,4,518.0,35,8.0,667,14773,3.86,3456,359.65
CBG02535,Kota Kecil,Indonesia Timur,7111,8,25,5,434.0,9,6.6,469,10327,4.45,1523,287.44
CBG00128,Kota Besar,Indonesia Timur,12912,13,34,7,662.0,8,8.0,869,19065,3.3,9399,386.55
CBG00285,Kota Kecil,Jawa Tengah,5060,7,19,4,337.0,34,7.5,352,7697,3.79,7893,237.43
CBG02375,Kota Kecil,Jawa Timur,4791,8,23,4,307.0,8,8.4,248,5448,3.65,3998,240.36
CBG00979,Metro,Jawa Tengah,9285,9,25,7,495.0,8,8.1,604,13161,4.13,5975,357.13
CBG00624,Metro,Indonesia Timur,8492,9,25,8,504.0,8,8.3,582,12766,,5276,355.18
CBG00689,Metro,Sumatera,10110,10,27,6,,2,7.3,729,16017,3.47,2761,353.8
CBG01772,Kota Kecil,Jawa Timur,350,3,10,1,162.0,38,7.4,37,816,4.68,3275,103.22
CBG01963,Kota Kecil,Kalimantan,6580,4,16,4,373.0,24,7.6,362,7968,3.47,5620,267.13
CBG00996,Kota Besar,Sumatera,6470,10,23,4,296.0,44,8.1,450,9896,,6136,295.6
CBG01696,Kota Kecil,Sulawesi,4507,6,18,3,503.0,28,8.7,338,7464,4.16,1342,248.01
CBG01959,Metro,Jawa Barat,11163,12,32,5,539.0,4,7.4,751,16516,5.0,9326,367.14
CBG00611,Metro,Sulawesi,5812,8,22,2,479.0,24,10.3,497,10977,3.55,7638,312.37
CBG00459,Kota Besar,Jawa Timur,2909,5,18,3,150.0,27,8.2,216,4764,4.02,9802,197.84
CBG02224,Kota Besar,Jawa Timur,5715,9,23,4,212.0,42,9.7,466,10173,3.46,2383,282.44
CBG00463,Kota Besar,Jawa Timur,4937,7,23,3,380.0,13,7.2,330,7212,4.52,6611,243.65
CBG00793,Metro,Jawa Barat,9476,9,28,4,576.0,45,7.0,650,14347,4.5,4644,367.47
CBG00505,Kota Besar,Jawa Barat,7141,8,24,4,425.0,40,7.8,496,10951,3.97,7779,294.41
CBG00309,Kota Kecil,Sulawesi,1265,4,18,1,245.0,10,7.9,66,1454,3.51,5722,125.62
CBG01517,Kota Kecil,Sumatera,4585,7,20,1,402.0,31,6.8,389,8568,3.82,9368,228.39
CBG00364,Metro,Sulawesi,9602,9,22,6,577.0,40,7.2,671,14712,3.52,8899,353.75
CBG00580,Kota Besar,Jawa Tengah,6736,9,26,5,562.0,35,9.3,398,8752,3.6,6057,319.29
CBG00106,Kota Kecil,Jawa Timur,5614,6,21,5,366.0,8,7.9,382,8305,4.19,1942,242.32
CBG02285,Kota Besar,Jawa Barat,6521,6,17,4,457.0,27,7.5,539,11924,3.48,5173,288.12
CBG01133,Metro,Indonesia Timur,11286,11,24,7,507.0,40,9.2,640,14046,4.72,7432,447.84
CBG00508,Metro,Jawa Timur,7186,6,21,4,349.0,22,8.2,475,10339,4.64,3006,307.55
CBG01012,Kota Kecil,Indonesia Timur,5173,6,21,4,423.0,29,8.1,380,8378,3.61,5442,267.06
CBG01470,Kota Kecil,Jawa Timur,6986,9,22,5,,23,8.7,454,9911,,5916,294.97
CBG00947,Kota Kecil,Jawa Barat,3646,4,11,3,279.0,40,6.8,307,6756,3.66,7186,246.89
CBG01190,Kota Kecil,Indonesia Timur,1913,5,15,1,309.0,17,7.0,202,4453,4.03,1407,162.15
CBG01214,Kota Kecil,Kalimantan,2724,4,13,2,257.0,3,7.7,181,3994,4.21,5306,158.33
CBG01349,Kota Kecil,Sumatera,3820,4,15,2,260.0,23,9.4,289,6356,3.82,1175,190.69
CBG01662,Kota Kecil,Jawa Barat,4501,6,17,2,298.0,29,7.4,322,7129,4.44,9902,211.25
CBG01388,Metro,Sumatera,9189,8,19,5,393.0,31,8.3,632,13833,4.14,7593,347.28
CBG01369,Metro,Sulawesi,5528,7,23,2,381.0,13,9.8,410,8970,4.33,5267,278.05
CBG02729,Kota Besar,Jawa Barat,3486,4,13,2,318.0,4,6.2,294,6475,4.63,4883,190.12
CBG00189,Metro,Kalimantan,6421,7,20,2,390.0,29,8.1,414,9115,3.25,8072,301.91
CBG02814,Kota Kecil,Sumatera,6094,7,23,2,350.0,16,7.8,467,10328,4.3,4027,255.39
CBG02121,Metro,Jawa Timur,7564,7,21,4,,10,7.9,367,8089,3.87,2300,308.44
CBG01767,Kota Kecil,Sumatera,3383,5,18,3,334.0,7,7.7,155,3391,4.7,3916,181.41
CBG02882,Kota Besar,Sumatera,2544,4,10,2,283.0,38,10.0,184,4050,4.68,4774,200.32
CBG02839,Kota Besar,Jawa Tengah,5119,4,10,4,493.0,42,7.1,386,8481,4.72,1473,249.59
CBG01292,Metro,Jawa Timur,9390,10,27,4,394.0,33,7.9,562,12333,4.3,6043,345.88
CBG02787,Kota Besar,Indonesia Timur,6120,8,28,4,515.0,10,7.9,375,8333,3.05,9501,295.38
CBG02788,Kota Besar,Jawa Barat,7624,7,21,4,514.0,26,8.1,526,11611,3.88,2074,305.01
CBG01476,Metro,Jawa Barat,11205,12,28,6,596.0,16,8.8,668,14857,3.78,2719,386.68
CBG02994,Kota Kecil,Sulawesi,7618,7,22,4,443.0,3,8.8,455,10155,4.64,8688,285.32
CBG01800,Kota Besar,Indonesia Timur,7082,8,22,3,374.0,13,7.1,469,10323,3.67,3977,288.47
CBG00863,Kota Kecil,Indonesia Timur,3317,4,13,3,350.0,35,9.0,283,6212,3.44,8140,211.01
CBG01174,Kota Kecil,Jawa Barat,4738,8,24,6,293.0,25,7.9,404,8863,,8934,245.88
CBG01417,Kota Kecil,Jawa Timur,3804,4,19,1,247.0,37,8.6,227,5004,4.31,2972,199.96
CBG02528,Kota Besar,Jawa Tengah,1950,4,10,2,164.0,19,6.7,135,2982,4.19,1684,133.03
CBG01116,Kota Kecil,Jawa Tengah,5889,9,23,5,415.0,29,6.4,392,8651,4.43,6736,261.93
CBG00354,Kota Kecil,Jawa Timur,5174,5,20,4,425.0,23,8.0,407,8952,4.09,5002,241.01
CBG01035,Kota Kecil,Indonesia Timur,3285,4,13,2,360.0,2,7.9,251,5489,5.0,4792,181.05
CBG02082,Kota Besar,Kalimantan,8192,9,26,4,465.0,12,7.2,571,12590,3.21,9945,313.94
CBG00732,Kota Besar,Jawa Tengah,9284,9,21,5,534.0,18,7.2,593,13057,3.65,5380,323.98
CBG00703,Kota Besar,Jawa Tengah,6217,8,24,2,367.0,40,8.9,443,9698,3.14,3505,290.43
CBG02007,Metro,Jawa Barat,8621,9,24,3,385.0,19,7.4,549,12080,3.5,2293,341.64
CBG02869,Metro,Kalimantan,10265,13,32,5,490.0,30,6.0,607,13545,4.29,2731,391.76
CBG02769,Kota Besar,Jawa Barat,5908,5,19,4,335.0,7,7.2,378,8368,3.77,8652,241.14
CBG00161,Kota Kecil,Jawa Barat,3231,5,18,3,191.0,30,7.5,215,4760,4.48,4873,189.93
CBG02509,Kota Besar,Jawa Tengah,6673,7,21,4,373.0,29,7.7,468,10280,4.07,5571,281.61
CBG01228,Kota Kecil,Jawa Timur,4503,5,17,3,330.0,14,7.9,347,7654,,2799,198.99
CBG01770,Kota Besar,Jawa Timur,2759,5,14,1,301.0,41,6.0,123,2701,4.08,2986,190.14
CBG01810,Metro,Jawa Timur,9955,10,23,4,503.0,5,7.5,784,17206,4.16,8731,340.71
CBG01138,Kota Kecil,Jawa Barat,4190,6,17,1,410.0,17,9.7,277,6070,4.44,3654,224.01
CBG01199,Kota Besar,Kalimantan,5973,9,29,3,415.0,26,9.1,406,8986,3.22,4495,287.3
CBG02496,Kota Kecil,Kalimantan,3512,6,16,3,214.0,35,7.5,189,4130,4.19,3165,202.27
CBG00163,Kota Kecil,Jawa Tengah,7217,9,28,7,304.0,9,8.1,399,8788,4.92,9799,282.7
CBG02402,Kota Kecil,Sumatera,1425,4,15,1,259.0,4,7.1,221,4850,4.32,6446,113.66
CBG02025,Kota Kecil,Kalimantan,4509,5,15,4,263.0,36,9.0,371,8243,4.27,8853,221.89
CBG00186,Kota Besar,Jawa Timur,5792,9,28,5,549.0,11,8.8,286,6258,4.08,3524,293.27
CBG00460,Kota Kecil,Sumatera,3033,4,15,2,277.0,4,8.8,283,6239,5.0,4062,173.27
CBG01339,Kota Besar,Kalimantan,9338,7,21,6,,22,7.0,671,14823,4.0,6133,325.2
CBG02521,Kota Kecil,Kalimantan,4599,6,26,2,252.0,8,10.5,316,6932,4.42,2362,238.68
CBG01008,Kota Besar,Jawa Barat,4214,3,12,4,252.0,8,7.7,329,7216,4.79,1611,201.27
CBG02991,Kota Besar,Jawa Timur,7805,11,31,3,387.0,25,8.0,531,11652,4.29,5849,313.8
CBG02073,Kota Kecil,Sumatera,5692,6,15,3,340.0,43,7.7,401,8837,3.93,9780,254.77
CBG02596,Kota Kecil,Indonesia Timur,6505,7,20,5,301.0,13,8.3,397,8751,3.25,1096,268.24
CBG01802,Metro,Kalimantan,6472,8,22,4,390.0,42,8.9,485,10627,4.73,1526,321.34
CBG00369,Kota Kecil,Indonesia Timur,3541,5,15,2,348.0,5,8.2,279,6120,5.0,7879,198.98
CBG01169,Kota Kecil,Jawa Timur,5701,7,21,4,405.0,35,7.5,442,9690,4.01,9789,259.01
CBG01258,Kota Besar,Sumatera,5585,6,16,3,228.0,42,8.5,390,8550,3.58,1468,262.85
CBG00494,Metro,Jawa Timur,12286,14,35,7,611.0,9,7.4,790,17283,4.37,5845,386.33
CBG00232,Metro,Jawa Tengah,10070,8,22,5,565.0,21,8.5,662,14466,4.31,5037,359.0
CBG02097,Kota Kecil,Jawa Tengah,3320,4,13,3,216.0,33,7.9,275,6089,4.76,6999,183.56
CBG00334,Kota Kecil,Jawa Barat,5021,6,16,2,258.0,40,7.0,311,6831,4.24,2740,238.96
CBG02302,Kota Besar,Sulawesi,5295,6,18,2,367.0,20,7.5,307,6799,4.4,1490,249.63
CBG00789,Metro,Jawa Tengah,7609,9,26,4,473.0,5,7.7,575,12580,3.69,7678,329.58
CBG02139,Kota Besar,Jawa Tengah,5892,5,13,4,388.0,9,6.9,370,8186,4.04,1399,247.77
CBG02955,Kota Besar,Sumatera,9176,7,21,7,328.0,21,7.4,593,13088,4.42,7865,311.43
CBG02290,Kota Besar,Jawa Barat,4934,5,21,2,288.0,16,8.3,396,8750,4.07,4319,247.23
CBG00381,Metro,Jawa Timur,8773,10,29,5,517.0,19,9.1,571,12508,5.0,7625,359.61
CBG02908,Kota Kecil,Sumatera,4739,6,19,3,465.0,14,6.8,325,7074,4.02,8670,236.83
CBG02196,Kota Kecil,Jawa Timur,5367,7,18,3,301.0,35,8.6,374,8212,4.37,8344,245.28
CBG01386,Metro,Sumatera,5977,9,21,3,280.0,20,9.6,410,9109,4.34,3480,286.19
CBG01632,Kota Besar,Jawa Barat,6190,7,20,4,478.0,4,8.0,382,8401,3.96,2650,277.33
CBG02096,Kota Besar,Jawa Tengah,5797,6,20,3,463.0,33,6.9,350,7696,4.42,7777,269.68
CBG02179,Kota Besar,Indonesia Timur,6197,8,28,1,337.0,1,7.3,363,8045,4.29,2152,274.17
CBG01804,Metro,Sulawesi,7965,9,23,5,297.0,17,7.1,631,13852,,4276,316.11
CBG01796,Kota Kecil,Sulawesi,5710,5,19,2,328.0,12,7.4,413,9094,4.3,5445,244.59
CBG02785,Kota Besar,Jawa Timur,6707,8,19,5,434.0,30,6.8,430,9432,4.19,9457,289.88
CBG01375,Metro,Jawa Barat,8956,8,18,5,492.0,31,6.7,571,12553,3.94,7106,342.19
CBG01540,Metro,Sumatera,10846,10,25,5,602.0,18,7.8,775,16987,3.53,1315,369.09
CBG00208,Kota Besar,Sumatera,10768,8,20,6,488.0,7,7.0,752,16454,3.93,3061,323.02
CBG01855,Kota Kecil,Jawa Timur,7560,8,20,5,469.0,22,8.7,564,12439,4.4,1671,297.38
CBG02909,Kota Kecil,Jawa Timur,6023,8,19,5,434.0,14,6.9,445,9836,4.82,3281,257.96
CBG01280,Kota Kecil,Jawa Tengah,4741,7,18,2,377.0,10,8.2,335,7345,4.3,6456,222.58
CBG00882,Metro,Sumatera,7517,9,27,6,606.0,2,7.8,543,11889,3.54,5523,325.96
CBG00144,Kota Besar,Jawa Timur,4499,6,20,4,278.0,42,9.1,431,9546,3.97,8936,253.29
CBG00250,Kota Kecil,Sumatera,3884,2,11,4,,8,9.0,252,5560,4.77,8024,192.73
CBG01806,Metro,Jawa Timur,8881,8,20,5,496.0,38,8.5,613,13538,4.57,8033,350.2
CBG02680,Kota Kecil,Kalimantan,4452,9,28,4,424.0,16,9.4,297,6537,3.9,7961,237.2
CBG02103,Kota Kecil,Sumatera,4793,7,19,4,284.0,2,8.7,316,6967,4.59,4071,221.59
CBG02832,Kota Besar,Indonesia Timur,6234,8,25,2,261.0,30,7.3,415,9203,3.36,9123,286.71
CBG02472,Kota Kecil,Jawa Barat,6691,9,24,4,393.0,4,7.3,463,10098,4.44,1615,267.64
CBG01592,Kota Besar,Jawa Timur,5791,8,23,3,,11,9.7,432,9481,4.13,5606,267.41
CBG02226,Kota Kecil,Jawa Tengah,428,3,12,2,160.0,30,8.1,80,1779,3.78,9568,94.58
CBG01759,Kota Besar,Jawa Barat,7038,8,23,4,511.0,43,6.1,509,11269,4.87,6894,304.82
CBG02370,Kota Besar,Jawa Tengah,7325,5,17,4,358.0,29,7.8,463,10165,3.92,6222,292.95
CBG02567,Metro,Jawa Timur,9244,9,23,5,453.0,45,7.5,607,13390,3.93,9249,349.76
CBG01628,Kota Besar,Sumatera,3252,6,19,3,223.0,27,9.1,273,6076,3.81,3250,197.43
CBG01129,Kota Kecil,Jawa Tengah,7823,7,22,3,480.0,11,6.0,466,10170,4.21,3784,266.72
CBG01954,Kota Kecil,Indonesia Timur,3585,3,13,1,348.0,15,6.9,332,7274,4.64,1561,194.05
CBG02210,Kota Kecil,Kalimantan,5053,5,18,4,,4,6.9,367,8121,3.94,6203,221.2
CBG01410,Kota Besar,Jawa Barat,4438,3,11,1,203.0,34,8.1,246,5420,3.74,6203,208.86
CBG01986,Kota Besar,Sulawesi,5218,8,25,5,,37,7.8,358,7952,,2607,276.06
CBG00766,Metro,Jawa Timur,6872,8,20,4,342.0,37,8.3,522,11511,2.84,4429,310.88
CBG02037,Kota Kecil,Indonesia Timur,562,4,13,1,90.0,24,8.2,39,857,4.37,6460,117.17
CBG00147,Kota Kecil,Sumatera,6923,7,22,3,477.0,37,9.7,406,8981,4.25,3789,303.51
CBG01134,Metro,Jawa Timur,8680,9,23,4,467.0,17,7.2,529,11660,2.92,5555,333.81
CBG02003,Kota Besar,Jawa Tengah,4557,6,18,4,520.0,35,7.7,291,6433,4.74,4516,247.19
CBG02016,Kota Besar,Jawa Timur,8029,9,28,5,,12,8.6,569,12531,3.83,2279,323.49
CBG01636,Kota Besar,Jawa Barat,6645,5,17,3,,45,8.0,496,10896,3.26,5129,290.74
CBG02849,Kota Kecil,Jawa Barat,7489,9,21,4,440.0,15,8.4,516,11277,3.72,8411,295.7
CBG01222,Metro,Sulawesi,6040,7,19,4,427.0,20,6.8,345,7597,4.07,4876,291.07
CBG01304,Kota Kecil,Kalimantan,4624,6,22,4,326.0,8,9.1,325,7142,4.69,6046,229.23
CBG01777,Metro,Sumatera,10398,10,32,6,582.0,16,9.2,653,14401,4.26,1506,371.04
CBG00322,Kota Kecil,Kalimantan,5157,4,16,4,430.0,6,8.2,330,7235,3.48,3581,231.38
CBG00112,Kota Kecil,Jawa Barat,4961,5,15,5,322.0,31,8.5,356,7837,3.21,6435,233.0
CBG00589,Metro,Jawa Tengah,7497,8,22,3,414.0,19,8.2,455,9960,3.85,2807,307.59
CBG01433,Kota Kecil,Jawa Tengah,3471,4,17,3,421.0,4,6.1,233,5082,3.57,6785,172.6
CBG02093,Kota Kecil,Jawa Timur,4245,5,17,3,297.0,22,8.5,275,6057,3.82,3142,227.54
CBG00137,Kota Kecil,Kalimantan,1165,2,10,1,172.0,43,7.2,108,2391,4.85,2496,131.23
CBG02693,Kota Kecil,Jawa Barat,4943,6,19,4,366.0,13,9.6,311,6848,3.81,3330,237.34
CBG00654,Kota Kecil,Sumatera,4397,4,17,4,330.0,23,7.6,324,7130,3.93,6925,213.38
CBG01869,Kota Besar,Jawa Timur,6726,10,27,4,324.0,27,8.3,492,10784,3.86,7529,290.65
CBG01630,Kota Besar,Jawa Timur,5325,6,17,2,,9,8.3,389,8570,4.46,7103,245.15
CBG01048,Kota Kecil,Jawa Tengah,6644,7,22,6,477.0,35,6.9,562,12470,,5473,289.76
CBG02125,Kota Besar,Sulawesi,5192,6,19,3,345.0,5,8.7,318,7014,4.56,3919,247.39
CBG00931,Metro,Sumatera,6496,7,23,5,409.0,23,8.5,450,9833,4.24,2313,342.0
CBG00221,Kota Besar,Jawa Tengah,4973,6,17,4,472.0,5,7.5,389,8571,4.55,4331,241.57
CBG00928,Kota Kecil,Sulawesi,5845,5,18,5,313.0,45,8.5,349,7672,3.72,4088,269.38
CBG02069,Kota Kecil,Jawa Tengah,1177,3,13,1,118.0,9,7.5,123,2706,3.74,1445,106.51
CBG01871,Metro,Jawa Timur,6165,5,19,4,324.0,39,9.5,405,8836,3.99,7591,297.1
CBG02619,Kota Besar,Jawa Timur,6383,9,27,4,418.0,23,6.6,445,9752,4.29,1256,288.38
CBG02142,Kota Kecil,Indonesia Timur,350,2,9,1,103.0,1,9.4,122,2680,3.96,7512,103.02
CBG00534,Kota Besar,Sumatera,1132,2,9,2,186.0,23,7.8,174,3789,4.02,2052,134.22
CBG01365,Metro,Kalimantan,11220,10,28,9,,31,9.3,783,17245,4.02,5224,397.2
CBG00607,Kota Kecil,Sulawesi,5555,5,16,4,315.0,35,8.0,297,6513,4.2,6473,252.23
CBG00075,Metro,Sumatera,6233,7,19,4,404.0,10,8.8,404,8894,4.1,4071,291.58
CBG01479,Kota Besar,Jawa Tengah,6273,6,24,4,318.0,18,7.5,409,8968,3.7,1630,261.71
CBG02117,Kota Besar,Sumatera,7347,8,19,5,426.0,10,8.7,441,9756,3.95,5114,293.69
CBG01323,Kota Kecil,Jawa Timur,4113,6,20,3,313.0,25,9.6,343,7584,5.0,9456,272.28
CBG01927,Kota Kecil,Jawa Tengah,5757,8,21,6,311.0,36,7.3,416,9213,4.62,8776,248.13
CBG00114,Kota Kecil,Kalimantan,350,2,10,2,193.0,43,10.4,20,438,,7723,124.34
CBG00987,Kota Besar,Indonesia Timur,6595,7,20,6,418.0,45,6.8,422,9247,,3614,308.15
CBG01893,Kota Besar,Jawa Timur,6032,7,20,4,362.0,1,6.2,502,11030,3.75,5466,253.07
CBG01435,Kota Kecil,Jawa Barat,7895,9,27,5,543.0,18,8.0,495,10890,4.27,8987,301.82
CBG00223,Kota Kecil,Jawa Barat,4824,4,14,4,291.0,14,8.2,414,9101,4.25,4679,222.51
CBG00519,Kota Besar,Jawa Tengah,6523,8,25,5,264.0,15,8.5,417,9185,3.94,9306,275.64
CBG01120,Metro,Jawa Timur,7044,6,18,5,380.0,5,7.6,465,10229,3.23,5996,283.31
CBG00036,Metro,Jawa Timur,10375,9,28,6,545.0,26,9.7,722,15796,4.81,3984,367.76
CBG00831,Kota Besar,Sumatera,6503,7,21,2,318.0,8,7.8,380,8371,4.36,7304,256.99
CBG01816,Kota Besar,Jawa Barat,5699,6,22,4,267.0,35,7.8,399,8797,3.35,1645,261.69
CBG02111,Metro,Sulawesi,7832,9,27,3,446.0,10,9.3,535,11677,4.34,5462,335.55
CBG00348,Kota Kecil,Jawa Tengah,4724,7,20,3,290.0,20,9.1,364,8038,3.36,5676,234.29
CBG00168,Metro,Jawa Barat,8163,8,17,5,420.0,5,9.3,540,11842,3.75,3913,323.32
CBG02795,Kota Kecil,Jawa Timur,629,3,11,1,220.0,36,9.2,20,438,4.07,6630,112.15
CBG00117,Kota Kecil,Jawa Tengah,7483,5,15,4,397.0,7,7.4,569,12561,3.63,7141,260.68
CBG00531,Kota Kecil,Jawa Tengah,350,2,6,1,113.0,15,7.8,43,943,4.35,3588,83.76
CBG02494,Kota Besar,Indonesia Timur,9194,8,23,6,584.0,25,8.2,678,14922,4.49,8496,338.27
CBG00321,Kota Besar,Sulawesi,10801,8,22,6,599.0,18,9.4,717,15726,5.0,4636,353.34
CBG01029,Kota Besar,Jawa Barat,4607,8,23,1,441.0,20,7.4,307,6653,4.62,4653,257.02
CBG00474,Kota Kecil,Indonesia Timur,4134,5,19,3,355.0,37,9.4,210,4657,4.05,4492,251.08
CBG02262,Kota Besar,Jawa Timur,8508,10,22,4,502.0,31,8.0,556,12259,3.32,2872,337.63
CBG02191,Kota Besar,Jawa Barat,11308,12,31,6,667.0,43,7.6,735,16199,4.77,4042,373.88
CBG02857,Kota Kecil,Sumatera,2683,4,13,1,386.0,42,8.4,183,4029,4.63,2347,184.13
CBG02522,Metro,Jawa Barat,8978,8,24,5,520.0,15,8.7,555,12269,3.49,4806,359.91
CBG02792,Metro,Jawa Timur,8587,9,24,4,,2,8.6,612,13357,4.02,1700,322.53
CBG01602,Kota Kecil,Sulawesi,6103,7,18,4,323.0,38,8.0,478,10638,4.4,5724,273.12
CBG00228,Kota Besar,Jawa Barat,6661,8,20,5,336.0,33,8.4,395,8670,4.24,5337,293.73
CBG01580,Kota Besar,Jawa Timur,5815,6,20,3,343.0,14,7.7,318,7017,3.36,1391,260.39
CBG01026,Kota Kecil,Jawa Barat,5366,8,23,2,304.0,9,8.6,422,9227,3.71,6277,237.03
CBG02629,Kota Kecil,Indonesia Timur,7389,9,23,4,564.0,5,8.7,491,10837,4.23,8782,298.36
CBG02355,Metro,Jawa Tengah,8955,8,21,6,455.0,25,8.7,603,13205,3.38,5814,337.74
CBG00082,Kota Kecil,Jawa Timur,5976,7,23,3,398.0,28,9.3,442,9733,4.73,3945,264.5
CBG01468,Kota Kecil,Sumatera,5583,7,24,5,337.0,37,8.5,321,7083,4.64,2018,262.44
CBG01687,Metro,Sumatera,7953,9,27,5,,44,8.0,575,12632,4.04,7475,338.25
CBG00669,Kota Kecil,Jawa Timur,3543,5,14,1,322.0,38,9.3,186,4095,3.88,1676,203.28
CBG00063,Metro,Jawa Barat,9929,10,25,5,,9,8.1,728,15941,5.0,2492,346.42
CBG00850,Kota Besar,Jawa Tengah,6736,9,28,3,378.0,37,6.7,499,10985,3.59,3095,298.66
CBG02969,Metro,Kalimantan,4841,6,15,4,418.0,28,7.9,329,7238,4.08,7700,274.13
CBG01978,Kota Besar,Jawa Timur,3765,5,18,2,265.0,45,8.3,194,4267,4.68,3140,231.88
CBG02364,Kota Kecil,Indonesia Timur,1552,4,13,1,397.0,8,8.4,138,3070,3.98,4399,147.59
CBG00516,Kota Besar,Sumatera,6560,9,25,5,,44,9.7,528,11586,3.5,3543,304.55
CBG01355,Kota Kecil,Jawa Tengah,4430,7,23,3,197.0,17,8.6,316,6995,4.64,3228,217.09
CBG00110,Kota Kecil,Sumatera,3373,5,17,2,217.0,45,9.2,273,6017,3.97,3832,196.84
CBG02090,Metro,Jawa Barat,8176,6,15,5,452.0,13,7.9,605,13198,4.19,1827,319.08
CBG01980,Kota Besar,Jawa Barat,5499,6,22,4,419.0,37,8.4,431,9480,4.35,6466,273.37
CBG02702,Metro,Jawa Tengah,6185,6,19,3,,29,8.4,353,7779,3.71,6538,298.29
CBG02833,Kota Kecil,Kalimantan,5985,7,20,3,522.0,45,7.5,355,7814,,1304,286.35
CBG01126,Kota Kecil,Jawa Barat,8561,9,28,5,375.0,5,8.1,625,13746,3.47,9708,301.08
CBG01089,Kota Kecil,Sulawesi,1564,4,14,1,152.0,35,9.1,84,1843,3.89,4133,150.79
CBG00312,Metro,Jawa Timur,11723,10,27,5,593.0,17,7.4,759,16618,4.61,9153,378.4
CBG02681,Kota Besar,Jawa Barat,6875,6,20,4,482.0,19,7.2,431,9471,4.49,5907,276.5
CBG00020,Kota Besar,Sumatera,6097,8,23,2,364.0,19,7.4,368,8034,4.24,2634,274.72
CBG00358,Kota Besar,Jawa Barat,5854,9,23,3,362.0,20,8.0,412,9064,3.76,7083,277.36
CBG00361,Kota Besar,Sulawesi,6137,4,14,5,456.0,23,8.5,454,9916,4.12,3223,267.47
CBG02757,Kota Besar,Jawa Tengah,4219,5,16,2,389.0,41,8.5,346,7642,3.96,5773,238.68
CBG02056,Kota Besar,Jawa Barat,3821,5,14,1,287.0,26,7.8,169,3759,4.49,3035,232.18
CBG02724,Kota Kecil,Jawa Tengah,2413,3,12,2,287.0,44,8.3,145,3178,3.99,3634,161.3
CBG00393,Kota Kecil,Sumatera,5223,7,21,4,339.0,19,7.0,277,6082,3.84,8636,250.39
CBG02343,Kota Kecil,Jawa Timur,2373,4,14,5,90.0,29,8.0,149,3261,3.89,4329,147.58
CBG02760,Kota Kecil,Jawa Barat,4686,5,18,3,363.0,5,6.7,314,6878,4.32,1564,208.97
CBG01848,Kota Kecil,Indonesia Timur,2613,3,17,1,350.0,21,7.4,329,7265,3.5,5325,185.78
CBG00658,Kota Besar,Jawa Barat,5264,8,19,5,422.0,25,7.7,333,7298,4.56,3367,264.54
CBG01247,Kota Kecil,Kalimantan,4839,5,18,5,254.0,20,8.4,297,6599,3.07,9591,222.38
CBG02756,Kota Kecil,Jawa Tengah,5044,8,21,5,374.0,35,8.1,374,8300,4.49,9661,246.36
CBG02646,Kota Kecil,Sumatera,5100,6,20,4,367.0,21,8.1,319,7005,4.08,8285,238.5
CBG01850,Kota Besar,Sulawesi,5052,6,15,3,314.0,12,6.0,399,8837,3.55,2769,230.41
CBG02165,Kota Besar,Sumatera,4963,7,25,3,349.0,39,9.4,348,7684,4.29,9067,267.98
CBG01875,Kota Besar,Sumatera,3714,4,10,1,299.0,22,8.6,291,6490,3.67,7104,203.42
CBG02089,Kota Kecil,Kalimantan,3841,5,16,2,386.0,17,7.7,269,5884,3.43,6836,205.2
CBG02860,Kota Kecil,Jawa Timur,3459,5,13,3,,37,8.0,245,5426,4.17,1924,205.41
CBG00371,Kota Besar,Jawa Tengah,7726,8,24,6,,30,9.1,632,13925,4.13,3277,314.61
CBG01643,Kota Kecil,Jawa Tengah,3158,6,16,2,293.0,1,7.8,299,6591,4.0,8313,168.55
CBG00314,Kota Kecil,Sulawesi,3532,7,16,2,287.0,1,7.9,229,5033,,8368,186.44
CBG02517,Kota Kecil,Jawa Barat,5786,5,17,2,215.0,31,8.7,564,12352,3.72,3429,243.4
CBG01716,Kota Kecil,Jawa Timur,2929,5,16,1,118.0,28,6.0,100,2199,4.2,7150,166.51
CBG00594,Metro,Jawa Tengah,4209,5,17,1,203.0,43,8.1,283,6282,4.3,1882,249.85
CBG00971,Kota Kecil,Jawa Barat,3338,4,16,3,325.0,12,8.8,269,5897,4.82,7560,190.09
CBG00203,Kota Kecil,Jawa Barat,4128,6,16,2,343.0,18,6.7,307,6660,4.47,4533,209.33
CBG01931,Kota Kecil,Jawa Barat,4182,5,22,3,246.0,36,7.2,251,5513,4.07,2509,227.98
CBG02256,Kota Kecil,Sulawesi,6340,4,18,5,425.0,13,7.2,465,10356,,3160,256.09
CBG01789,Kota Kecil,Jawa Tengah,2357,5,17,3,259.0,16,8.4,305,6767,3.6,6612,159.38
CBG01603,Kota Besar,Jawa Barat,6344,9,29,5,499.0,16,7.8,393,8587,4.17,9950,305.62
CBG02665,Kota Besar,Jawa Timur,8159,10,32,4,542.0,38,6.4,609,13304,4.18,5933,329.6
CBG00439,Kota Besar,Jawa Timur,8882,9,27,6,392.0,43,7.1,627,13767,3.59,9126,330.14
CBG00327,Kota Kecil,Sulawesi,8030,7,23,4,527.0,20,8.5,504,11061,4.81,3992,298.44
CBG02020,Metro,Kalimantan,5634,6,20,4,326.0,37,8.3,361,7873,4.03,9079,293.86
CBG02146,Metro,Sumatera,8864,7,19,6,,11,9.9,513,11309,4.75,1447,335.13
CBG00388,Kota Besar,Jawa Barat,7858,7,22,3,464.0,35,8.0,520,11460,3.35,4845,318.15
CBG01042,Kota Besar,Sumatera,8091,8,25,5,562.0,42,10.1,599,13377,3.11,9448,332.67
CBG02953,Kota Kecil,Kalimantan,4913,6,19,5,,41,10.0,305,6746,4.45,1516,264.71
CBG01188,Kota Besar,Indonesia Timur,4479,4,11,4,347.0,40,7.7,379,8307,4.38,8553,253.35
CBG00282,Kota Kecil,Sumatera,4191,3,12,4,264.0,32,8.0,320,7081,4.3,1565,197.85
CBG02247,Kota Kecil,Jawa Barat,4464,4,17,4,394.0,19,8.1,284,6259,3.97,6933,215.14
CBG00352,Metro,Sulawesi,7377,7,19,3,447.0,25,6.8,510,11278,4.03,4652,319.04
CBG01356,Kota Kecil,Jawa Timur,1235,2,11,1,218.0,20,8.0,56,1231,4.41,7941,119.63
CBG00043,Kota Kecil,Indonesia Timur,4716,8,21,4,369.0,43,6.4,371,8171,4.94,5680,260.32
CBG02417,Kota Kecil,Sumatera,3867,4,15,4,381.0,12,9.6,330,7209,4.76,3873,202.86
CBG00102,Metro,Jawa Barat,9450,9,29,6,501.0,12,7.9,536,11859,3.61,6846,343.05
CBG02672,Kota Kecil,Jawa Barat,4604,7,18,3,212.0,3,7.6,343,7492,3.6,1959,217.92
CBG02935,Kota Besar,Jawa Tengah,8233,9,26,5,411.0,24,8.2,469,10323,3.72,4362,303.85
CBG00447,Kota Kecil,Jawa Tengah,3320,6,19,1,,37,8.1,250,5460,4.81,9176,191.85
CBG02237,Kota Kecil,Sumatera,3538,5,12,3,131.0,10,6.9,262,5755,4.35,7657,185.91
CBG01274,Kota Kecil,Kalimantan,5542,7,22,3,449.0,9,8.9,314,6876,,3251,253.16
CBG00135,Kota Kecil,Jawa Tengah,3226,5,12,2,269.0,42,8.2,219,4833,3.51,1515,193.16
CBG00575,Kota Kecil,Kalimantan,5908,8,22,4,402.0,7,8.9,414,9091,3.93,5946,259.73
CBG00877,Kota Besar,Sulawesi,6564,10,26,4,372.0,29,7.9,415,9049,2.86,7194,303.38
CBG01482,Kota Kecil,Sumatera,8566,10,27,5,478.0,32,7.3,591,12965,3.91,2430,312.88
CBG00857,Kota Besar,Jawa Tengah,4862,6,18,4,342.0,12,7.4,387,8506,3.75,5862,240.44
CBG00129,Kota Besar,Sumatera,5132,6,18,3,258.0,4,6.1,435,9589,4.52,6825,233.25
CBG00748,Kota Kecil,Jawa Timur,807,3,11,2,,22,7.5,143,3132,3.88,4337,113.5
CBG00573,Metro,Jawa Tengah,8012,8,25,6,414.0,40,8.8,522,11444,4.31,3005,344.02
CBG02486,Kota Besar,Jawa Tengah,2632,4,11,1,404.0,15,8.4,223,4909,3.71,5188,190.16
CBG02684,Kota Kecil,Sumatera,1468,3,13,3,196.0,40,7.0,280,6191,4.54,2903,139.83
CBG00876,Kota Besar,Jawa Timur,6939,7,22,5,469.0,6,6.9,471,10363,4.44,5834,271.5
CBG00104,Metro,Jawa Timur,12263,10,29,5,668.0,2,7.0,773,17002,3.99,4670,380.23
CBG02294,Kota Besar,Jawa Tengah,9301,9,27,5,420.0,38,7.0,608,13373,3.36,2332,336.09
CBG00411,Kota Besar,Sumatera,3040,5,19,1,,37,7.4,307,6778,4.42,8564,206.76
CBG01972,Kota Besar,Jawa Tengah,3098,7,20,2,264.0,32,7.4,287,6278,3.98,2761,198.29
CBG01179,Metro,Jawa Barat,8580,7,19,4,503.0,28,7.8,507,11125,5.0,3741,328.5
CBG01781,Metro,Jawa Barat,8992,11,29,7,432.0,39,9.0,649,14278,3.71,4016,374.62
CBG00605,Kota Besar,Jawa Barat,5055,8,22,3,339.0,40,9.5,365,8027,3.83,2800,262.97
CBG02859,Metro,Jawa Timur,8998,10,29,8,507.0,34,7.7,568,12370,2.74,8744,365.01
CBG02789,Metro,Jawa Barat,11887,13,34,6,679.0,18,7.2,741,16216,4.55,6868,473.05
CBG02363,Metro,Jawa Barat,8616,7,17,3,486.0,4,7.8,597,13195,4.1,8246,304.73
CBG01434,Kota Kecil,Kalimantan,3861,6,18,4,264.0,3,9.5,291,6375,4.33,9235,198.5
CBG00385,Kota Kecil,Jawa Tengah,3725,6,16,1,,45,7.1,335,7313,3.34,8093,195.47
CBG01916,Kota Kecil,Sumatera,4053,5,18,2,442.0,38,8.6,263,5736,3.81,5076,233.56
CBG00057,Kota Besar,Sumatera,3955,4,9,3,290.0,34,9.0,224,4932,3.57,3974,211.44
CBG00712,Kota Besar,Jawa Barat,4708,7,23,4,279.0,4,7.3,283,6229,4.53,3581,227.91
CBG00325,Kota Kecil,Jawa Tengah,5202,8,27,3,,38,7.2,324,7148,4.53,2663,274.03
CBG00079,Kota Besar,Sulawesi,7812,8,25,6,522.0,17,6.0,499,10951,3.81,9503,311.1
CBG00541,Kota Besar,Jawa Tengah,4622,5,23,4,284.0,15,9.2,263,5847,3.72,4059,235.27
CBG00356,Kota Besar,Sumatera,6018,6,17,5,343.0,28,8.9,398,8781,3.82,4110,277.1
CBG00360,Kota Kecil,Jawa Timur,4484,2,9,3,199.0,35,8.3,293,6468,3.83,4905,209.54
CBG01019,Metro,Jawa Barat,11690,13,31,7,609.0,34,8.5,742,16306,,3855,400.67
CBG02610,Kota Kecil,Jawa Timur,6270,8,23,3,185.0,36,7.5,428,9317,3.84,4816,259.72
CBG02946,Metro,Kalimantan,7690,8,20,4,402.0,1,7.7,519,11396,4.34,7794,304.5
CBG00916,Metro,Jawa Tengah,5554,7,22,4,378.0,9,7.6,446,9835,4.27,7827,271.39
CBG00308,Kota Kecil,Sumatera,2155,2,5,2,195.0,38,8.8,152,3340,4.01,1453,159.75
CBG01414,Kota Kecil,Jawa Timur,4541,6,15,3,395.0,41,9.4,284,6258,4.37,9446,241.32
CBG00814,Metro,Jawa Tengah,5952,6,15,4,339.0,3,7.7,358,7830,3.94,3580,274.08
CBG02777,Kota Besar,Jawa Tengah,6360,10,25,4,365.0,18,7.3,433,9566,4.91,4453,273.73
CBG01609,Kota Kecil,Sulawesi,2175,3,16,2,110.0,18,9.1,197,4324,5.0,1972,150.35
CBG01406,Kota Besar,Jawa Barat,5699,6,17,4,434.0,42,7.9,379,8346,4.12,8798,276.28
CBG01539,Kota Kecil,Jawa Timur,5222,5,18,3,359.0,39,8.2,359,7827,4.78,2216,244.97
CBG00883,Kota Besar,Indonesia Timur,8987,10,25,7,465.0,20,7.7,631,13863,4.44,3256,340.98
CBG00699,Kota Kecil,Indonesia Timur,4674,7,21,3,328.0,26,7.2,378,8320,5.0,5360,235.58
CBG01765,Kota Besar,Indonesia Timur,7727,8,27,4,,24,7.4,532,11690,3.58,5866,314.24
CBG00004,Kota Kecil,Sumatera,1291,2,14,2,200.0,27,9.5,167,3693,4.87,6304,132.14
CBG00216,Kota Kecil,Jawa Tengah,8199,10,29,5,421.0,24,7.4,538,11793,3.7,9373,303.44
CBG00977,Kota Kecil,Sulawesi,6324,6,15,5,454.0,34,7.4,469,10304,4.27,7213,277.12
CBG00099,Kota Kecil,Kalimantan,5226,7,21,3,295.0,19,9.3,368,8094,4.0,5428,254.75
CBG01581,Kota Kecil,Indonesia Timur,2939,4,13,1,257.0,38,6.0,245,5386,4.57,4916,180.43
CBG01937,Kota Kecil,Kalimantan,4461,3,11,4,316.0,33,7.8,340,7490,4.39,7793,230.69
CBG02671,Kota Besar,Jawa Barat,10553,12,31,7,619.0,43,8.4,681,15038,4.48,7487,370.17
CBG01371,Kota Kecil,Kalimantan,7275,5,16,3,365.0,5,7.8,508,11219,3.83,5846,262.23
CBG02561,Kota Kecil,Kalimantan,6579,8,20,2,426.0,10,7.7,423,9368,4.05,9439,274.06
CBG02580,Kota Kecil,Jawa Barat,5075,6,16,3,382.0,33,8.9,421,9305,3.41,9618,238.91
CBG01192,Metro,Indonesia Timur,9461,11,33,5,565.0,28,8.6,588,12995,3.96,4672,381.89
CBG01766,Kota Kecil,Sulawesi,4245,5,16,3,207.0,3,8.7,338,7454,3.92,6783,188.75
CBG01958,Metro,Kalimantan,10526,10,25,7,424.0,32,8.3,785,17308,3.73,9618,366.77
CBG00701,Kota Kecil,Jawa Barat,5283,6,19,3,414.0,36,7.9,452,9963,3.77,8239,256.84
CBG00456,Kota Kecil,Jawa Barat,1571,5,14,1,254.0,37,8.8,236,5167,4.73,9371,161.31
CBG02365,Kota Besar,Jawa Timur,3995,2,12,3,316.0,24,9.0,281,6158,3.49,7668,220.06
CBG02216,Kota Besar,Jawa Tengah,6312,5,13,3,380.0,16,7.9,427,9335,3.8,1099,265.19
CBG00522,Metro,Sulawesi,8524,9,30,3,420.0,43,7.1,578,12763,3.2,2916,339.53
CBG01261,Kota Besar,Sumatera,5759,7,24,4,382.0,4,7.7,393,8720,5.0,1538,258.33
CBG01894,Kota Kecil,Jawa Timur,6194,7,19,5,203.0,22,7.9,410,8975,5.0,1369,241.64
CBG01038,Kota Kecil,Jawa Barat,5367,5,20,4,356.0,14,8.5,336,7438,3.86,5208,239.21
CBG00390,Kota Kecil,Indonesia Timur,4104,7,17,1,359.0,31,7.1,254,5627,3.94,5870,236.04
CBG00952,Kota Besar,Kalimantan,6027,7,20,5,451.0,13,8.8,420,9248,3.86,5535,269.88
CBG00412,Kota Besar,Jawa Timur,8498,7,17,6,518.0,19,7.6,505,11058,3.47,7242,307.92
CBG01734,Metro,Jawa Tengah,9696,11,29,8,,32,8.7,660,14556,3.47,2056,374.53
CBG01596,Kota Besar,Sulawesi,350,4,17,1,102.0,7,8.9,154,3402,4.88,3745,111.14
CBG01302,Kota Kecil,Kalimantan,1015,3,7,1,266.0,19,8.5,132,2872,4.86,5968,122.05
CBG02548,Kota Kecil,Sumatera,4819,6,17,3,533.0,4,9.2,367,8000,3.69,2896,223.29
CBG01297,Kota Kecil,Kalimantan,5140,6,19,4,,1,10.4,372,8212,4.22,6314,245.98
CBG01515,Kota Besar,Sumatera,7254,8,24,5,395.0,24,8.0,499,11087,4.08,3047,278.12
CBG01269,Metro,Sulawesi,2792,6,19,4,284.0,19,7.2,232,5144,4.13,8750,219.33
CBG02325,Kota Besar,Indonesia Timur,7615,6,19,4,461.0,17,7.5,556,12300,3.99,2150,302.94
CBG01973,Kota Kecil,Sumatera,350,3,12,1,145.0,45,9.4,187,4121,3.49,6406,108.93
CBG01991,Kota Kecil,Jawa Timur,6796,7,23,3,518.0,17,8.4,434,9544,4.1,3880,279.37
CBG01022,Kota Besar,Kalimantan,8207,9,22,6,501.0,44,8.1,577,12666,4.4,2728,336.08
CBG00502,Metro,Jawa Barat,9085,9,26,5,525.0,27,7.7,674,14904,3.63,1515,360.5
CBG02830,Kota Besar,Indonesia Timur,3457,5,18,3,232.0,41,7.9,205,4559,4.31,7721,231.9
CBG00759,Kota Kecil,Kalimantan,6992,10,29,4,358.0,38,6.7,494,10850,3.96,1249,294.55
CBG02208,Kota Kecil,Jawa Barat,5008,5,18,4,306.0,37,9.2,372,8103,4.31,3679,306.08
CBG00429,Kota Kecil,Jawa Timur,6437,6,20,5,,45,7.3,456,10028,4.05,6122,275.86
CBG01546,Kota Besar,Jawa Tengah,5764,6,19,5,357.0,19,9.0,308,6703,4.1,4795,244.52
CBG01318,Metro,Sulawesi,8676,8,24,5,469.0,4,9.6,587,12986,3.52,9079,345.67
CBG01137,Kota Kecil,Sulawesi,3287,6,20,5,252.0,11,8.6,231,5104,4.58,8498,196.23
CBG00074,Kota Kecil,Kalimantan,2055,3,9,3,138.0,19,8.6,242,5296,4.84,1724,201.02
CBG00026,Kota Kecil,Jawa Tengah,8668,11,26,5,522.0,31,7.9,671,14734,5.0,1306,321.77
CBG01345,Metro,Sumatera,9389,9,22,7,506.0,21,9.2,674,14669,4.67,9950,358.65
CBG02481,Kota Kecil,Kalimantan,4967,7,22,4,473.0,24,10.0,322,7128,4.75,1601,260.49
CBG01127,Kota Kecil,Sumatera,7443,9,25,4,501.0,6,8.4,534,11764,3.93,9590,289.81
CBG01140,Kota Kecil,Indonesia Timur,3050,3,10,4,133.0,28,10.3,342,7591,3.74,4890,185.24
CBG00506,Kota Besar,Sulawesi,7915,9,24,5,528.0,12,7.8,577,12669,5.0,1840,304.31
CBG01395,Kota Besar,Jawa Timur,8077,9,27,6,448.0,12,6.0,513,11295,3.79,3197,300.03
CBG02329,Metro,Sulawesi,10065,9,27,4,421.0,9,7.7,626,13693,3.95,9071,352.88
CBG02452,Kota Besar,Sumatera,11018,9,18,7,590.0,31,8.4,733,16120,3.94,6830,349.47
CBG02733,Metro,Sumatera,8890,7,22,5,334.0,10,7.9,580,12716,4.31,7393,328.01
CBG01719,Kota Besar,Sumatera,4771,8,19,4,377.0,39,7.2,260,5734,4.26,2672,256.09
CBG02669,Metro,Indonesia Timur,8347,9,23,6,428.0,20,8.1,582,12733,3.48,1618,357.97
CBG01121,Metro,Kalimantan,10538,10,27,7,515.0,29,7.1,645,14146,4.06,2577,384.18
CBG01666,Kota Besar,Jawa Tengah,8097,9,26,6,454.0,39,9.2,543,11976,3.48,5605,318.37
CBG00587,Metro,Jawa Barat,10454,13,31,5,539.0,30,8.5,682,15003,3.4,9577,378.11
CBG01721,Kota Besar,Sumatera,6646,7,19,5,541.0,10,6.1,451,9904,3.85,2998,279.34
CBG00612,Kota Kecil,Indonesia Timur,4814,5,19,1,238.0,9,7.6,357,7884,3.34,5808,222.6
CBG01139,Kota Kecil,Sumatera,4344,4,12,5,422.0,16,8.0,296,6560,4.0,7203,199.5
CBG00426,Kota Besar,Jawa Barat,8961,9,26,4,537.0,30,7.9,610,13405,,8040,348.18
CBG00649,Kota Kecil,Indonesia Timur,350,2,7,2,197.0,45,8.9,115,2523,3.84,9841,121.37
CBG02029,Kota Kecil,Sulawesi,5628,9,27,3,472.0,31,10.0,388,8518,3.58,5335,288.02
CBG02448,Kota Besar,Sulawesi,3948,5,17,1,490.0,7,7.3,377,8321,4.21,8051,210.87
CBG01943,Kota Kecil,Sumatera,4294,7,21,5,247.0,15,7.3,251,5522,4.0,8690,221.17
CBG01409,Kota Besar,Kalimantan,7571,8,23,5,532.0,13,7.9,535,11761,4.62,2782,302.77
CBG00566,Kota Besar,Jawa Timur,4724,6,17,4,392.0,29,6.8,292,6456,3.46,7970,240.46
CBG01682,Kota Kecil,Jawa Timur,4853,6,17,4,306.0,16,8.0,325,7108,4.85,2751,227.65
CBG00886,Kota Besar,Jawa Tengah,2938,4,13,3,248.0,7,8.3,294,6409,3.54,8745,170.09
CBG02898,Kota Kecil,Jawa Barat,2491,6,17,2,316.0,2,8.8,307,6753,3.1,9235,163.24
CBG02456,Kota Kecil,Jawa Barat,3188,7,19,5,351.0,14,7.4,247,5427,3.48,6340,198.24
CBG02667,Kota Kecil,Jawa Timur,5877,7,20,4,366.0,26,7.9,433,9561,4.82,8217,257.3
CBG02582,Kota Besar,Kalimantan,8437,10,26,3,434.0,34,8.3,602,13294,3.94,5971,336.74
CBG01901,Metro,Jawa Timur,8157,9,27,3,446.0,5,6.0,572,12703,4.05,5434,316.21
CBG00630,Kota Besar,Jawa Timur,9092,12,29,6,426.0,5,8.3,586,12877,4.51,1787,330.24
CBG02847,Kota Besar,Jawa Tengah,4871,5,15,2,339.0,12,9.2,335,7380,4.05,7013,232.61
CBG02221,Metro,Jawa Tengah,8513,9,27,5,426.0,3,9.7,589,12922,4.09,3377,331.77
CBG00501,Metro,Jawa Tengah,11796,13,35,6,662.0,9,8.9,793,17360,3.76,9425,383.57
CBG02559,Kota Kecil,Sulawesi,6120,8,20,5,384.0,22,8.8,454,9970,4.36,9894,265.41
CBG01831,Metro,Jawa Timur,9357,8,21,4,524.0,41,8.2,630,13835,4.02,4544,351.8
CBG00409,Kota Kecil,Sumatera,5705,6,21,4,360.0,34,9.1,451,9804,3.92,5804,259.5
CBG01344,Kota Kecil,Jawa Barat,5710,5,15,3,377.0,20,9.5,434,9651,4.4,7215,252.36
CBG00165,Kota Besar,Indonesia Timur,5960,8,24,3,432.0,18,9.3,366,8089,4.61,3706,285.24
CBG02463,Metro,Kalimantan,7258,7,18,4,365.0,2,7.0,498,10992,4.08,5574,301.4
CBG00244,Kota Besar,Jawa Tengah,5130,6,14,4,209.0,5,8.1,346,7600,3.84,3527,252.81
CBG02827,Kota Kecil,Sulawesi,3103,5,16,3,187.0,26,6.0,220,4865,4.45,6017,173.56
CBG02796,Kota Kecil,Sumatera,6272,7,21,4,284.0,16,7.4,367,8104,4.17,3929,253.72
CBG01523,Metro,Jawa Tengah,10426,10,25,7,565.0,29,7.9,708,15550,4.45,1243,366.04
CBG00379,Kota Kecil,Jawa Barat,5677,4,13,5,291.0,8,8.7,331,7337,3.59,6608,246.01
CBG01088,Kota Kecil,Sumatera,3654,3,12,4,287.0,9,7.5,281,6191,3.94,7527,188.21
CBG01764,Kota Besar,Jawa Timur,8996,10,26,4,458.0,43,8.8,583,12793,4.4,8779,351.03
CBG02555,Kota Kecil,Indonesia Timur,7253,7,20,5,282.0,36,7.1,520,11515,4.25,9230,281.67
CBG00295,Kota Kecil,Sumatera,6966,7,20,4,429.0,28,8.1,544,12089,,8256,289.81
CBG01897,Kota Kecil,Sulawesi,2863,3,11,2,228.0,8,7.4,175,3872,4.03,8262,158.95
CBG01870,Kota Besar,Jawa Barat,8251,7,21,5,485.0,28,8.3,581,12667,4.9,2953,336.15
CBG02155,Kota Besar,Indonesia Timur,4981,6,18,2,373.0,8,7.6,296,6563,4.45,5061,241.61
CBG01877,Metro,Jawa Timur,12522,13,35,9,608.0,25,6.9,746,16371,4.13,2791,408.97
CBG02131,Kota Besar,Jawa Timur,6336,7,17,3,407.0,14,8.0,412,9119,3.95,4288,261.78
CBG00316,Kota Kecil,Kalimantan,5083,5,16,3,,6,6.0,437,9635,3.67,2824,221.7
CBG00529,Kota Kecil,Jawa Tengah,2917,3,13,4,383.0,1,8.0,253,5570,4.23,4866,165.8
CBG02928,Kota Besar,Kalimantan,4029,3,14,3,234.0,17,6.3,261,5712,2.99,4272,213.62
CBG01178,Metro,Jawa Barat,11493,12,31,6,477.0,38,7.7,734,16014,3.85,7159,395.95
CBG00190,Kota Besar,Jawa Tengah,5078,7,23,3,322.0,33,8.1,346,7561,4.07,1816,248.56
CBG00028,Kota Besar,Kalimantan,3315,5,18,2,260.0,29,7.3,272,5954,4.26,2856,214.65
CBG02754,Kota Kecil,Sulawesi,3745,6,19,3,203.0,43,8.9,224,4979,4.78,9762,220.24
CBG00275,Metro,Jawa Timur,6581,8,25,4,400.0,42,6.7,450,9891,4.57,3403,315.21
CBG02112,Metro,Jawa Tengah,9418,8,24,8,,34,9.0,654,14324,3.95,5167,362.3
CBG01075,Kota Kecil,Jawa Tengah,3821,5,16,3,325.0,8,8.0,243,5405,4.36,9631,202.73
CBG02404,Kota Besar,Jawa Tengah,4842,6,22,2,346.0,9,8.3,276,6072,3.86,8364,235.06
CBG02574,Metro,Jawa Timur,6998,9,24,4,,17,7.1,419,9195,3.87,9865,299.35
CBG01832,Kota Kecil,Jawa Timur,1920,2,9,4,266.0,14,7.9,209,4606,4.68,8795,177.61
CBG01904,Kota Besar,Jawa Barat,3164,4,13,2,156.0,2,8.4,223,4918,4.42,7343,178.43
CBG02640,Kota Kecil,Sumatera,7146,7,19,4,244.0,6,7.9,487,10681,4.25,4184,258.59
CBG01335,Kota Kecil,Jawa Timur,3787,8,24,3,201.0,2,7.6,326,7180,4.26,5799,205.97
CBG02163,Metro,Sumatera,10190,12,29,6,670.0,38,7.9,709,15608,3.37,2237,388.46
CBG02213,Metro,Sulawesi,8349,8,24,6,409.0,28,6.8,674,14926,4.57,3491,337.99
CBG00586,Kota Besar,Jawa Tengah,5019,7,27,1,230.0,33,7.6,349,7688,3.84,5370,248.17
CBG00838,Metro,Sumatera,9700,10,29,5,498.0,25,7.6,610,13258,3.88,1549,370.61
CBG00711,Kota Kecil,Jawa Barat,5807,6,22,5,364.0,3,7.8,344,7559,3.56,2728,243.26
CBG02362,Metro,Sumatera,5430,9,30,2,346.0,22,7.6,371,8132,4.54,5839,275.3
CBG02458,Kota Besar,Indonesia Timur,4081,5,14,4,353.0,15,7.7,272,6004,4.52,5023,217.58
CBG01251,Kota Kecil,Jawa Barat,1885,3,15,4,244.0,34,9.8,131,2861,4.48,5075,171.61
CBG02980,Kota Besar,Jawa Timur,5592,9,24,3,303.0,29,10.6,333,7396,2.58,7618,281.57
CBG02549,Kota Kecil,Jawa Barat,4023,5,22,5,231.0,23,7.6,220,4865,,6312,222.82
CBG01438,Kota Besar,Jawa Timur,5875,5,16,5,304.0,25,8.4,447,9833,4.52,6617,256.86
CBG01732,Kota Besar,Sulawesi,5874,5,13,4,341.0,16,8.8,511,11186,4.3,1479,255.79
CBG01554,Kota Besar,Jawa Timur,5270,7,18,3,334.0,2,7.1,355,7835,4.02,7231,241.06
CBG00817,Kota Besar,Kalimantan,6573,6,14,4,319.0,43,7.9,337,7398,3.88,2310,280.46
CBG02886,Kota Kecil,Jawa Barat,4451,6,17,2,377.0,32,6.8,334,7405,4.0,9589,210.36
CBG02718,Kota Besar,Kalimantan,7290,8,20,5,502.0,9,6.9,445,9761,4.76,1596,288.99
CBG00958,Kota Besar,Kalimantan,1801,3,8,3,93.0,3,7.0,166,3636,4.26,1887,132.4
CBG00303,Kota Kecil,Indonesia Timur,3243,3,10,2,434.0,31,8.5,260,5723,3.54,1020,202.45
CBG00572,Kota Besar,Indonesia Timur,7591,8,27,3,326.0,44,8.8,500,11024,3.52,9841,316.28
CBG02612,Metro,Jawa Barat,11642,12,30,5,584.0,31,8.1,738,16273,3.82,5457,391.31
CBG01923,Kota Besar,Jawa Barat,6943,9,24,4,365.0,11,8.3,548,12008,3.27,4071,290.3
CBG00631,Kota Besar,Sumatera,2883,3,14,2,304.0,21,7.9,288,6316,4.92,2855,179.84
CBG01512,Kota Besar,Kalimantan,8475,11,27,6,490.0,8,6.6,567,12428,3.6,2094,325.93
CBG02427,Metro,Sumatera,5968,8,26,6,398.0,2,6.8,412,9041,4.43,8342,290.77
CBG02892,Kota Besar,Jawa Barat,6226,6,17,3,476.0,39,7.4,440,9556,4.15,7198,292.51
CBG02190,Kota Kecil,Kalimantan,2739,4,9,1,398.0,8,8.7,197,4316,3.7,5033,180.78
CBG01064,Kota Besar,Sumatera,4108,4,14,5,238.0,44,6.5,296,6474,4.19,7995,227.14
CBG01780,Kota Besar,Jawa Barat,6017,7,22,5,375.0,1,8.7,452,9878,3.75,3598,267.65
CBG02438,Kota Besar,Sumatera,5816,6,20,4,371.0,5,7.4,461,10067,4.54,3732,256.72
CBG02168,Kota Besar,Sulawesi,5978,6,20,3,,21,8.6,429,9406,4.44,4266,273.52
CBG02278,Kota Besar,Sumatera,7385,9,25,4,300.0,45,8.1,453,9886,4.86,7870,356.12
CBG02602,Metro,Sumatera,6974,8,24,4,424.0,32,7.2,488,10847,3.78,4430,314.8
CBG01794,Kota Kecil,Jawa Barat,3220,5,19,4,269.0,14,7.4,237,5205,4.67,8787,178.88
CBG01784,Kota Kecil,Jawa Barat,2530,5,15,2,379.0,14,7.2,177,3903,3.53,2385,169.4
CBG00924,Kota Kecil,Jawa Tengah,5268,4,15,4,334.0,44,7.8,360,7876,3.61,8056,241.5
CBG00723,Kota Besar,Kalimantan,4391,6,19,5,396.0,35,7.4,382,8452,4.92,8472,252.4
CBG00060,Kota Kecil,Sumatera,7378,9,27,4,428.0,43,6.6,577,12715,3.89,8201,312.19
CBG02201,Kota Kecil,Kalimantan,5099,6,14,4,371.0,36,9.1,536,11762,4.69,1698,249.28
CBG02462,Kota Kecil,Jawa Timur,2953,4,14,1,244.0,28,8.0,284,6286,4.45,2608,177.71
CBG01864,Metro,Jawa Barat,9889,11,29,6,543.0,1,7.4,683,15129,4.15,1562,347.37
CBG00024,Kota Kecil,Kalimantan,8290,7,18,5,510.0,19,7.5,535,11728,4.04,9823,289.4
CBG00578,Kota Besar,Kalimantan,6374,8,23,5,,19,8.5,500,10923,4.56,5222,288.42
CBG00684,Kota Besar,Sumatera,6853,8,22,3,354.0,38,7.5,513,11209,4.09,1601,296.21
CBG01016,Kota Kecil,Sulawesi,6495,6,21,5,398.0,5,8.5,339,7462,5.0,9967,259.13
CBG00347,Kota Kecil,Jawa Tengah,5518,5,18,5,341.0,7,7.6,377,8213,4.1,9388,222.65
CBG02877,Kota Besar,Kalimantan,6117,10,27,4,546.0,18,8.5,429,9367,4.04,1840,305.24
CBG01556,Kota Kecil,Jawa Timur,5399,8,21,4,452.0,17,8.4,470,10335,,8649,308.49
CBG02948,Metro,Indonesia Timur,8716,7,24,5,492.0,32,7.5,643,14261,4.68,5002,346.22
CBG00009,Kota Kecil,Jawa Timur,2705,5,16,1,248.0,22,7.9,236,5195,3.6,4572,171.48
CBG02912,Kota Besar,Jawa Barat,4092,7,22,3,259.0,18,9.6,324,7152,4.98,7847,231.18
CBG00229,Metro,Sumatera,6454,8,23,3,341.0,31,8.2,523,11476,4.13,9612,310.47
CBG00490,Kota Besar,Jawa Timur,5592,6,19,4,536.0,12,7.0,361,7913,3.92,6643,267.27
CBG02616,Metro,Jawa Tengah,7560,7,18,4,446.0,10,8.5,500,10977,3.58,4325,300.74
CBG00830,Kota Besar,Jawa Tengah,5705,7,21,4,377.0,28,8.5,453,9945,3.92,1907,276.21
CBG02985,Kota Besar,Jawa Barat,9444,7,19,6,580.0,38,8.5,563,12283,3.65,3144,339.05
CBG01874,Metro,Kalimantan,8310,6,17,4,430.0,21,8.9,468,10341,4.29,7265,309.56
CBG00450,Kota Kecil,Indonesia Timur,5092,6,20,3,448.0,28,8.7,264,5795,3.39,8291,264.9
CBG02464,Metro,Jawa Timur,8268,8,20,5,,37,6.1,643,14134,3.6,8451,321.13
CBG00016,Kota Besar,Jawa Timur,3109,3,9,3,301.0,17,9.1,256,5632,3.54,5568,196.66
CBG01115,Metro,Sulawesi,7978,10,27,5,513.0,16,7.5,458,10145,4.04,9133,344.62
CBG02810,Kota Kecil,Jawa Timur,2901,6,19,2,176.0,34,8.3,217,4752,3.94,1636,192.26
CBG01389,Kota Besar,Jawa Barat,5410,7,25,2,372.0,16,8.1,339,7474,4.51,7941,265.05
CBG02421,Kota Kecil,Sumatera,5228,8,23,3,237.0,28,8.7,328,7193,4.0,9784,253.8
CBG01589,Metro,Indonesia Timur,11516,11,26,7,609.0,39,7.0,767,16825,4.81,1425,399.16
CBG00824,Metro,Kalimantan,5476,5,15,3,436.0,29,7.5,363,8002,3.89,1552,284.8
CBG02140,Metro,Sulawesi,11323,13,33,9,593.0,40,7.9,772,16680,,4263,406.81
CBG02735,Kota Kecil,Jawa Tengah,4567,6,19,3,360.0,4,6.0,241,5274,4.33,9394,215.12
CBG01227,Kota Kecil,Jawa Timur,5540,6,19,1,267.0,9,7.9,372,8231,4.02,2730,218.47
CBG01876,Metro,Jawa Barat,10655,11,30,6,499.0,43,8.0,739,16205,3.53,7275,390.37
CBG02941,Kota Besar,Indonesia Timur,6183,7,20,4,495.0,8,6.8,440,9695,4.32,3001,274.56
CBG01915,Kota Kecil,Sulawesi,6094,8,22,5,410.0,23,7.6,503,11037,4.64,6782,273.12
CBG01232,Kota Besar,Sulawesi,7722,8,21,5,599.0,28,8.5,584,12883,4.6,1673,326.18
CBG01847,Kota Kecil,Jawa Tengah,7096,7,23,3,374.0,40,8.7,479,10545,3.65,2777,293.11
CBG01010,Kota Besar,Jawa Barat,9423,8,23,5,474.0,31,7.6,608,13304,4.48,2636,334.4
CBG01705,Metro,Jawa Barat,11933,12,32,7,620.0,33,8.2,777,16964,4.14,7515,406.23
CBG02312,Kota Kecil,Jawa Tengah,4387,3,11,3,311.0,3,9.4,317,6984,4.71,2607,193.91
CBG02708,Kota Besar,Jawa Tengah,5351,5,15,4,303.0,2,8.9,336,7323,4.3,4826,236.23
CBG02753,Metro,Sulawesi,7494,6,15,5,476.0,22,8.3,460,10112,4.34,9658,316.33
CBG02396,Kota Kecil,Jawa Tengah,4479,8,23,3,328.0,1,7.4,227,4977,3.97,2471,222.71
CBG01107,Kota Kecil,Jawa Barat,2871,4,13,1,380.0,9,7.8,162,3555,4.33,8721,176.64
CBG00498,Metro,Kalimantan,10498,12,36,7,,29,8.2,779,17149,4.06,3763,405.88
CBG00353,Kota Kecil,Sulawesi,5939,7,26,4,418.0,41,8.2,407,8921,4.2,1543,284.29
CBG01853,Kota Kecil,Sumatera,5715,8,25,6,437.0,20,8.5,465,10272,4.69,2577,262.35
CBG00443,Kota Kecil,Sulawesi,5824,6,14,3,417.0,12,9.9,378,8307,3.89,1611,252.27
CBG00002,Kota Kecil,Sumatera,2862,4,15,3,117.0,22,9.5,247,5456,3.49,6974,169.97
CBG00286,Kota Besar,Jawa Barat,5551,8,20,4,473.0,18,8.6,428,9394,3.51,4958,274.67
CBG01561,Kota Besar,Sulawesi,6287,7,17,3,,31,8.5,436,9544,4.56,4792,284.67
CBG01647,Metro,Jawa Barat,9972,10,25,6,464.0,44,7.9,604,13235,4.46,2881,376.11
CBG00784,Kota Besar,Sumatera,6425,8,22,4,417.0,2,9.7,409,8986,3.93,4483,279.08
CBG00861,Kota Besar,Jawa Tengah,4212,5,17,2,218.0,1,8.0,270,5948,4.15,6327,213.88
CBG01907,Kota Kecil,Sumatera,5620,6,20,5,339.0,33,8.2,479,10551,4.38,7006,261.5
CBG02638,Kota Kecil,Sumatera,6249,8,20,4,456.0,36,9.3,415,9169,4.72,4777,286.3
CBG00349,Kota Kecil,Sumatera,3197,5,18,3,131.0,35,8.0,224,4895,4.58,4499,197.78
CBG00069,Kota Kecil,Kalimantan,3922,3,17,3,190.0,37,9.4,296,6535,4.11,4350,212.91
CBG00404,Metro,Jawa Barat,13371,13,34,7,525.0,43,8.9,803,17686,4.18,5142,414.44
CBG02327,Kota Kecil,Kalimantan,3586,5,15,4,392.0,19,9.5,298,6482,3.4,6661,203.14
CBG00755,Metro,Kalimantan,11324,11,27,8,634.0,18,7.5,729,16096,4.01,7910,390.35
CBG00798,Kota Besar,Sulawesi,2971,3,13,2,300.0,26,8.7,305,6690,4.64,3611,190.52
CBG01051,Kota Besar,Kalimantan,1852,2,6,3,281.0,45,7.5,173,3840,4.01,9255,162.88
CBG02966,Kota Kecil,Sumatera,3959,6,15,1,358.0,33,7.0,285,6241,4.16,4707,216.17
CBG02944,Kota Kecil,Kalimantan,4383,6,18,2,371.0,7,8.0,305,6761,4.25,9984,222.47
CBG00178,Kota Kecil,Kalimantan,2309,2,10,2,259.0,30,7.9,91,2016,4.27,9643,160.0
CBG00954,Kota Kecil,Kalimantan,350,2,5,2,326.0,11,9.2,20,441,3.86,1493,99.42
CBG01381,Metro,Jawa Tengah,11035,12,32,6,656.0,39,8.9,728,15920,5.0,8260,394.29
CBG02061,Kota Besar,Indonesia Timur,6831,8,23,4,463.0,28,8.2,409,9092,3.91,8664,301.68
CBG02762,Kota Kecil,Jawa Timur,2449,5,16,2,,19,8.1,265,5812,5.0,3070,160.89
CBG02439,Kota Kecil,Jawa Timur,5533,8,21,4,313.0,43,8.1,383,8426,3.63,1868,269.06
CBG01819,Kota Kecil,Sumatera,7077,7,19,4,360.0,23,7.9,477,10482,4.47,2870,268.65
CBG00253,Kota Besar,Jawa Tengah,4844,5,17,4,301.0,12,8.6,300,6567,4.33,1251,221.99
CBG01439,Kota Besar,Sumatera,9212,9,24,5,603.0,42,8.0,591,12989,4.76,8788,340.28
CBG00559,Kota Besar,Sumatera,5495,6,17,4,296.0,21,7.3,422,9314,5.0,9688,254.87
CBG01578,Metro,Sulawesi,12164,11,29,6,584.0,25,7.3,777,17007,4.23,1211,388.45
CBG01843,Kota Besar,Sumatera,3357,7,21,2,297.0,19,8.6,169,3772,4.5,6538,218.18
CBG00194,Kota Kecil,Sumatera,350,2,7,2,154.0,16,7.8,83,1819,4.65,7012,80.17
CBG02876,Kota Besar,Jawa Timur,7012,6,17,3,414.0,42,8.6,472,10415,4.32,3453,293.63
CBG01508,Kota Besar,Kalimantan,7885,8,24,4,431.0,17,8.2,573,12584,5.0,9303,315.43
CBG02538,Kota Kecil,Jawa Barat,6950,7,19,5,333.0,33,10.4,461,10191,4.05,7076,294.77
CBG01926,Metro,Sumatera,5450,5,23,4,410.0,1,9.8,435,9557,4.23,6810,268.69
CBG00245,Kota Besar,Indonesia Timur,2512,6,22,3,404.0,11,8.2,277,6133,4.33,5630,209.28
CBG00446,Metro,Jawa Timur,10222,10,27,7,477.0,10,8.8,697,15366,4.63,9904,364.92
CBG00477,Metro,Sulawesi,11708,11,31,5,710.0,18,7.7,757,16565,4.27,4786,395.08
CBG00539,Metro,Jawa Barat,7040,8,26,4,330.0,32,9.5,447,9847,3.38,1470,321.88
CBG01331,Kota Kecil,Jawa Barat,3031,5,16,2,255.0,14,8.2,186,4080,,1359,170.8
CBG00256,Kota Kecil,Sulawesi,4021,8,21,3,295.0,33,8.2,315,6932,4.19,7002,240.2
CBG00452,Metro,Jawa Tengah,6630,7,20,3,569.0,40,8.0,562,12362,3.68,5030,334.61
CBG02746,Kota Kecil,Kalimantan,3244,3,11,3,296.0,38,7.6,237,5244,4.11,8054,197.87
CBG01489,Kota Kecil,Jawa Timur,5308,7,18,5,387.0,16,7.2,345,7583,4.22,3530,246.0
CBG02332,Kota Besar,Jawa Barat,4847,4,11,2,469.0,4,7.6,334,7364,4.45,3799,232.38
CBG02606,Kota Kecil,Sumatera,4223,5,20,5,323.0,20,8.5,281,6231,3.79,9161,218.94
CBG02400,Kota Kecil,Indonesia Timur,4898,5,17,3,345.0,42,9.1,344,7565,4.29,5523,249.15
CBG02473,Kota Kecil,Indonesia Timur,5373,5,18,4,425.0,34,7.0,447,9863,3.56,4526,273.07
CBG02321,Kota Besar,Kalimantan,6956,9,22,6,386.0,20,7.7,560,12234,3.66,9212,297.63
CBG02858,Kota Besar,Kalimantan,4093,6,18,1,272.0,5,8.7,295,6477,4.07,6601,216.35
CBG00949,Kota Kecil,Sulawesi,2181,6,25,1,373.0,32,8.3,244,5378,3.82,9623,178.68
CBG00511,Kota Kecil,Indonesia Timur,350,3,10,1,121.0,29,6.8,98,2181,5.0,1064,100.34
CBG01394,Metro,Sulawesi,6781,9,22,4,369.0,24,6.2,466,10247,4.11,7143,294.53
CBG01509,Kota Kecil,Jawa Barat,6655,6,19,5,319.0,15,8.2,423,9396,3.92,8234,261.03
CBG01820,Kota Besar,Jawa Timur,3861,4,17,3,328.0,32,7.6,292,6428,3.81,3066,217.87
CBG02658,Metro,Jawa Tengah,9019,10,26,5,,29,7.1,504,11119,4.73,4132,358.04
CBG01332,Kota Besar,Jawa Barat,5765,8,21,4,392.0,21,7.5,289,6372,3.78,7689,264.77
CBG01310,Kota Kecil,Sulawesi,4400,6,19,4,308.0,40,8.9,279,6172,4.15,7842,245.38
CBG01803,Kota Besar,Jawa Barat,6751,5,16,5,,13,6.9,418,9171,4.33,5516,266.32
CBG02057,Kota Kecil,Jawa Barat,2916,3,8,4,328.0,37,9.4,239,5284,3.47,7902,190.87
CBG02418,Kota Kecil,Kalimantan,4576,7,21,3,326.0,33,9.4,274,6026,4.85,2119,249.1
CBG02432,Kota Kecil,Sulawesi,3757,6,20,1,320.0,30,6.6,320,7040,4.07,4541,207.14
CBG01852,Kota Kecil,Kalimantan,5188,6,18,2,459.0,6,7.3,350,7710,4.25,6517,241.06
CBG02415,Kota Besar,Jawa Tengah,3573,6,18,2,265.0,15,6.4,310,6804,2.66,1108,188.42
CBG02373,Metro,Jawa Timur,11276,12,31,6,516.0,26,7.0,716,15768,4.03,2566,383.7
CBG00622,Kota Kecil,Sulawesi,7198,8,20,4,445.0,37,9.0,475,10367,,5985,297.89
CBG01511,Kota Kecil,Sulawesi,6987,7,21,4,483.0,15,7.9,443,9824,4.4,9645,280.02
CBG01756,Kota Besar,Jawa Barat,4047,4,11,1,313.0,35,8.3,262,5738,3.83,4341,217.91
CBG01672,Kota Besar,Jawa Barat,8575,8,24,5,453.0,44,8.1,574,12584,4.15,9028,343.11
CBG01701,Kota Kecil,Indonesia Timur,3871,5,18,4,278.0,26,8.8,221,4810,3.97,3545,227.76
CBG02514,Kota Besar,Sumatera,8020,7,25,6,455.0,25,9.5,539,11828,4.4,4765,309.96
CBG01201,Kota Kecil,Sulawesi,1206,2,8,1,261.0,19,7.0,130,2861,4.3,5972,116.65
CBG02668,Kota Besar,Indonesia Timur,2502,3,16,1,266.0,14,8.4,119,2606,2.89,2500,182.97
CBG00664,Kota Besar,Jawa Timur,3516,2,10,1,234.0,19,9.3,293,6440,3.81,5252,268.5
CBG00775,Metro,Sulawesi,5770,6,22,4,365.0,34,6.9,347,7599,4.2,6424,290.21
CBG00574,Metro,Jawa Tengah,7503,7,20,5,600.0,41,7.8,475,10365,3.48,8904,333.39
CBG01873,Kota Besar,Sulawesi,6547,7,24,5,344.0,9,9.1,495,10871,4.96,4267,315.71
CBG02311,Kota Kecil,Sumatera,2129,2,10,2,,2,6.4,156,3423,3.54,6117,118.1
CBG01775,Kota Kecil,Jawa Barat,6891,6,19,4,,37,8.1,429,9395,4.98,7170,279.42
CBG02597,Kota Besar,Jawa Barat,5010,7,19,4,424.0,43,8.3,417,9198,4.22,1441,282.61
CBG02349,Kota Kecil,Indonesia Timur,2859,4,14,3,171.0,28,6.8,193,4256,3.81,9209,179.42
CBG01122,Metro,Jawa Barat,8983,8,23,4,462.0,35,8.7,676,14812,4.7,5495,362.4
CBG02019,Kota Besar,Jawa Timur,6802,8,25,5,290.0,28,8.2,459,10095,4.39,9942,280.8
CBG02506,Kota Besar,Sulawesi,6972,6,17,4,450.0,2,9.0,488,10729,,7901,273.98
CBG01938,Kota Kecil,Kalimantan,4734,7,19,4,329.0,20,7.6,315,6937,4.04,4982,232.13
CBG00140,Kota Kecil,Jawa Tengah,5578,7,18,5,356.0,4,6.0,399,8772,3.09,3138,232.53
CBG01983,Kota Besar,Jawa Barat,4797,7,22,3,485.0,16,7.4,401,8858,3.55,8200,250.36
CBG00283,Kota Besar,Jawa Barat,7382,8,22,5,403.0,45,8.9,475,10527,3.31,1542,313.47
CBG00259,Kota Kecil,Jawa Barat,3145,5,17,3,294.0,7,8.0,260,5687,,7948,225.78
CBG00617,Metro,Kalimantan,12187,11,26,6,649.0,30,6.2,761,16749,4.06,2770,382.93
CBG02083,Metro,Sulawesi,7975,10,30,4,401.0,44,7.0,471,10399,4.61,2055,358.51
CBG02092,Kota Kecil,Sulawesi,6296,8,25,5,328.0,15,8.2,452,10007,3.31,4779,272.6
CBG00726,Kota Besar,Jawa Barat,5710,9,23,3,509.0,31,6.8,344,7652,4.62,4726,292.67
CBG01637,Kota Kecil,Jawa Barat,7814,9,29,6,498.0,40,9.5,609,13318,3.83,1360,335.32
CBG02087,Metro,Kalimantan,7342,8,21,5,579.0,20,8.3,540,11921,4.25,3857,342.43
CBG00678,Metro,Jawa Tengah,11564,13,31,7,546.0,30,7.9,775,16833,4.41,6564,392.98
CBG01946,Kota Besar,Jawa Timur,7275,8,18,4,349.0,13,8.0,526,11557,4.33,4645,286.69
CBG01153,Kota Kecil,Kalimantan,5969,6,18,4,309.0,9,7.9,371,8207,4.19,3811,248.72
CBG01921,Metro,Jawa Barat,9732,11,26,7,502.0,19,7.4,645,14169,,7711,364.15
CBG00056,Kota Kecil,Sulawesi,8854,9,22,6,492.0,6,6.6,652,14434,3.64,1869,288.32
CBG01947,Kota Besar,Indonesia Timur,2826,5,14,2,444.0,45,9.1,294,6466,3.54,4565,231.37
CBG02212,Kota Besar,Jawa Timur,2545,4,13,2,114.0,44,7.9,224,4936,4.14,6223,187.03
CBG01412,Kota Kecil,Kalimantan,4580,8,24,2,463.0,18,8.6,388,8548,3.84,1410,238.26
CBG02198,Metro,Sulawesi,4878,7,27,5,332.0,2,8.3,384,8423,4.35,4389,274.44
CBG01289,Metro,Sumatera,5333,6,21,4,331.0,37,7.6,341,7526,3.53,9993,276.89
CBG00167,Kota Besar,Jawa Barat,9182,9,22,4,576.0,32,7.0,632,13938,3.91,2657,330.77
CBG02846,Kota Besar,Jawa Barat,4629,5,17,3,,17,7.6,326,7156,4.04,1081,234.21
CBG00873,Kota Kecil,Jawa Tengah,3817,6,20,4,332.0,5,9.3,274,6038,4.45,9073,208.55
CBG01362,Kota Kecil,Sulawesi,3379,5,14,2,296.0,7,7.7,320,7050,3.59,4335,180.22
CBG00888,Kota Kecil,Indonesia Timur,4169,5,16,3,323.0,1,8.0,348,7593,2.99,6302,219.42
CBG00889,Kota Kecil,Sulawesi,4750,6,15,2,358.0,21,7.7,406,8896,3.82,8334,212.32
CBG02422,Metro,Jawa Tengah,9453,9,25,6,492.0,7,7.9,542,11931,4.23,6744,341.99
CBG02391,Kota Besar,Jawa Barat,9119,9,23,5,372.0,30,9.1,552,12102,3.96,8470,329.92
CBG02423,Kota Besar,Kalimantan,1573,3,12,1,269.0,40,7.2,66,1452,3.87,7347,156.16
CBG00499,Kota Besar,Sumatera,5112,5,17,5,393.0,30,11.5,428,9364,3.99,2398,271.21
CBG00715,Metro,Sumatera,10371,8,23,5,508.0,11,8.5,705,15488,3.69,2955,341.07
CBG02700,Kota Besar,Jawa Tengah,6544,10,29,5,524.0,4,7.0,481,10588,4.35,3142,288.35
CBG01057,Kota Besar,Sumatera,9055,9,29,6,469.0,40,8.2,607,13343,4.75,9389,340.37
CBG02713,Kota Besar,Sulawesi,3931,5,18,3,,34,7.1,260,5762,4.15,7656,221.88
CBG00365,Kota Besar,Sulawesi,7913,9,19,5,508.0,19,8.9,573,12605,4.59,4019,297.11
CBG02983,Kota Kecil,Jawa Timur,5811,6,19,4,362.0,8,8.1,321,7082,4.09,6253,243.94
CBG02284,Kota Kecil,Sulawesi,3144,4,15,4,329.0,32,6.9,217,4765,4.25,1086,200.03
CBG01728,Kota Besar,Sumatera,10002,9,26,6,492.0,42,8.6,739,16327,3.28,7132,352.74
CBG01982,Kota Besar,Kalimantan,7348,8,22,6,,17,8.0,511,11228,4.32,5862,300.21
CBG02984,Metro,Indonesia Timur,9195,9,25,3,522.0,34,6.4,689,15203,4.2,5828,364.7
CBG00801,Kota Besar,Indonesia Timur,3485,3,13,6,288.0,22,10.0,311,6855,3.56,4953,219.4
CBG00618,Kota Kecil,Jawa Timur,3632,5,15,1,358.0,11,8.7,310,6827,4.08,7415,183.21
CBG02848,Kota Kecil,Sumatera,4656,7,18,3,405.0,15,8.8,431,9406,4.21,1754,234.9
